Name,Description,geometry
kml_201,LORNIE HIGHWAY,"LINESTRING Z (103.8207130696 1.33581061603438 0, 103.820409022612 1.3356730696444 0, 103.820123731228 1.33554026761453 0, 103.818683007772 1.33482600767671 0, 103.818387018442 1.33467884859423 0, 103.818144520157 1.33454963601863 0, 103.817926984784 1.33440965621261 0)"
kml_202,LORNIE HIGHWAY,"LINESTRING Z (103.830087570648 1.34068522642971 0, 103.82955934165 1.34064806713897 0, 103.829160129716 1.3405725430073 0, 103.828750021024 1.34047084828965 0, 103.828298307313 1.34034522483678 0, 103.827959521878 1.34023156629444 0, 103.827596962417 1.34010594290667 0, 103.827323556241 1.33998630296221 0, 103.827097699095 1.33989058988105 0, 103.826764857843 1.33974103876922 0, 103.826330974751 1.33951970429505 0, 103.82609323077 1.3393821172011 0, 103.825819825774 1.33922060229803 0, 103.825504814968 1.33901721244102 0, 103.823385331184 1.33759229069982 0, 103.822048025073 1.33669498435499 0, 103.821812659285 1.33653705769698 0, 103.82101027565 1.33599867291929 0, 103.8207130696 1.33581061603438 0)"
kml_203,LORNIE HIGHWAY,"LINESTRING Z (103.8207130696 1.33581061603438 0, 103.820370720298 1.33557611975616 0, 103.820004595969 1.33537033687405 0, 103.819462540952 1.33506884043021 0, 103.818397452357 1.33455198892502 0, 103.81822152173 1.33445149033639 0, 103.818031328405 1.33433663395483 0, 103.817788831281 1.33417392187362 0, 103.817617656113 1.33403513880882 0, 103.817436971656 1.33387721298648 0, 103.817265796684 1.33371450131632 0, 103.816795068846 1.33315458168556 0, 103.8165935297 1.33276046187296 0, 103.817269944064 1.33349260827309 0, 103.817550479961 1.33375581815879 0, 103.817921357664 1.33403338537033 0, 103.81841586328 1.33433966685704 0, 103.81899595585 1.33462202107135 0, 103.81959269162 1.33490724659977 0, 103.820050407421 1.33514952115149 0, 103.820845657191 1.33563406667425 0, 103.821043368906 1.33576402124146 0, 103.821719362643 1.33620834426565 0, 103.822231859033 1.33655181434688 0, 103.823762926188 1.3375759385873 0, 103.825070515407 1.33846128095907 0, 103.82580752082 1.33895420089333 0, 103.826492223434 1.33936097973851 0, 103.827039033771 1.33960983157757 0, 103.827638149346 1.33986347112248 0, 103.828280058096 1.34008839613172 0, 103.829135937299 1.34033724902625 0, 103.829768337 1.34046167612097 0, 103.830319904229 1.34051431811564 0)"
kml_204,EAST COAST PARKWAY,"LINESTRING Z (103.980676494958 1.33907709100369 0, 103.979937642113 1.33721808838398 0, 103.979659063938 1.33658163081286 0, 103.979307392809 1.33592724587995 0, 103.97879322359 1.33514961330001 0, 103.975518507253 1.33029221044163 0, 103.974385848971 1.3287130141118 0, 103.972410120335 1.32581387363194 0, 103.971405037398 1.32430509090429 0, 103.970239562834 1.32256998998064 0, 103.968624995643 1.32022059604669 0, 103.967833667199 1.31940153674332 0, 103.966903266179 1.3186471365897 0, 103.965972802772 1.31812982905723 0, 103.95177681335 1.31236355186342 0, 103.951028226871 1.31212689759177 0, 103.950251499096 1.31199104920696 0, 103.949216307632 1.31190956031656 0, 103.94776262009 1.31187971583929 0, 103.944980054933 1.31182005128233 0, 103.944194486632 1.3117459982984 0, 103.94351171237 1.31163501717619 0, 103.942307697732 1.31133180020776 0, 103.939238954683 1.31044442238842 0, 103.937337507696 1.30990459228577 0, 103.935142291381 1.30929767073803 0, 103.932065879414 1.30841844043065 0, 103.929863196369 1.30780519643966 0, 103.92897761316 1.30747205762319 0, 103.928033644393 1.30699421438974 0, 103.92701771697 1.3064482758022 0, 103.926382969441 1.30615004224546 0, 103.925986486807 1.30602443455605 0, 103.924936543026 1.30567716329697 0, 103.921647211879 1.30475359180235 0, 103.920876275682 1.30453932179672 0, 103.916149205156 1.30319446682298 0, 103.91287472079 1.30229274223727 0, 103.910275693636 1.30157579392855 0, 103.90802907915 1.30093276140533 0, 103.905032995145 1.3000010436622 0, 103.904042450702 1.29964672201637 0, 103.899564649101 1.29799716267983 0, 103.89689181028 1.29698495507817 0, 103.895487475906 1.29643288934135 0, 103.894380516573 1.29602446301346 0, 103.893514069937 1.29581759878268 0, 103.892728407375 1.29570678940115 0, 103.891119242821 1.29571602966342 0, 103.888792875878 1.29582514833495 0, 103.887994863318 1.29585593317181 0, 103.88597604063 1.29593381213607 0, 103.882324144008 1.29577186263302 0, 103.878957741847 1.29561400214138 0, 103.876119124414 1.2955087676655 0, 103.873241931015 1.29547119696238 0, 103.872103869215 1.29545633523174 0, 103.871524706168 1.2954073528418 0, 103.870614010853 1.29526930075676 0, 103.86898055868 1.29498031659297 0, 103.865577623402 1.29435071300154 0, 103.863895243847 1.29397763920646 0, 103.863404786697 1.29381118682987 0, 103.863028389447 1.29362177390816 0, 103.862691911209 1.29338070224652 0, 103.862480898842 1.29318554730645 0, 103.862172934661 1.2928296760871 0, 103.861990436782 1.29255990164229 0, 103.861859266175 1.29227290840294 0, 103.861755327149 1.29193510130693 0, 103.861689746015 1.29167903297403 0, 103.861611357328 1.29095760942747 0, 103.861569931579 1.28938371857193 0, 103.861551317253 1.28888061161427 0, 103.861524521089 1.28815636313966 0, 103.861474910965 1.28619895835995 0)"
kml_205,EAST COAST PARKWAY,"LINESTRING Z (103.86163042412 1.28612943087316 0, 103.861696362181 1.28812641589428 0, 103.861675022418 1.28899185433368 0, 103.861664418996 1.28942186362145 0, 103.861694539003 1.29088319464994 0, 103.861790823035 1.29160133786133 0, 103.86186496506 1.29189981266226 0, 103.861991527853 1.29226074772079 0, 103.862133010987 1.2925426809146 0, 103.862286994341 1.29279523476284 0, 103.862543631399 1.29309944834501 0, 103.862874406102 1.29338070011553 0, 103.863113931566 1.29354141466725 0, 103.863490329777 1.29373656667494 0, 103.863923757103 1.29388579971928 0, 103.865640354401 1.2942186939437 0, 103.869038215125 1.29482556632148 0, 103.870971824304 1.29515359373536 0, 103.871611962565 1.29521214079329 0, 103.872272846185 1.29525555101617 0, 103.875752614989 1.29534951797625 0, 103.877459274853 1.29541987896076 0, 103.879668670622 1.29549408760316 0, 103.881437015378 1.29555348113735 0, 103.882408233425 1.29559295689663 0, 103.886149193181 1.29574500796076 0, 103.888035808161 1.29564783983833 0, 103.888851807445 1.29560581244075 0, 103.89206020435 1.29548513904289 0, 103.892904594938 1.29552944481682 0, 103.893793059005 1.29568458542716 0, 103.894725597396 1.29594317035573 0, 103.895724233166 1.29629042168823 0, 103.905341968096 1.29992022083974 0, 103.906663504381 1.30031195217397 0, 103.912155231284 1.30184932640873 0, 103.925949778384 1.30575101063515 0, 103.926676660228 1.30603178936869 0, 103.927469623275 1.30643819233469 0, 103.928982126899 1.30724361161705 0, 103.929694326028 1.30751699861286 0, 103.931126069672 1.30793075789824 0, 103.934811889211 1.30895775394538 0, 103.937271478992 1.30964593720916 0, 103.940002517841 1.31040762561406 0, 103.943504412437 1.31140593510709 0, 103.944165157025 1.31153908044308 0, 103.944767181019 1.31159831735452 0, 103.948885963021 1.31169519375976 0, 103.94950267661 1.31171748289369 0, 103.950235638207 1.31176453057882 0, 103.950800762586 1.31188286242984 0, 103.951417242804 1.31208253823701 0, 103.952090252935 1.31231001129321 0, 103.96459314508 1.31738619667493 0, 103.966143981195 1.31800050964323 0, 103.967325849869 1.31872368969938 0, 103.967820534839 1.3191159199923 0, 103.968432603563 1.31967096963706 0, 103.969106267769 1.32050080342717 0, 103.97047489292 1.32254844042916 0, 103.973864401409 1.32755975474211 0, 103.978986323918 1.33507370686522 0, 103.979533185605 1.33597815064115 0, 103.97988033222 1.33667204103157 0, 103.980306561165 1.33755145996999 0, 103.981067005124 1.33927898323867 0)"
kml_206,KALLANG PAYA LEBAR EXPRESSWAY,"LINESTRING Z (103.876391046163 1.29647364677785 0, 103.875757602134 1.29487707059626 0, 103.87557021812 1.29449289243066 0, 103.875422571674 1.2942394024087 0)"
kml_207,KALLANG PAYA LEBAR EXPRESSWAY,"LINESTRING Z (103.876391046163 1.29647364677785 0, 103.875997871632 1.2952000992381 0)"
kml_208,KALLANG PAYA LEBAR EXPRESSWAY,"LINESTRING Z (103.90610487061 1.36495228122189 0, 103.904648963297 1.3621098080272 0, 103.903343152233 1.35982455120173 0, 103.902486519657 1.35834075576829 0, 103.900737958353 1.35533428887285 0, 103.899770701994 1.35314407779248 0, 103.898394214301 1.34964347936599 0, 103.898336126733 1.34947399229023 0, 103.89828484842 1.34930229385989 0, 103.89824045844 1.34912866261741 0, 103.898203029584 1.34895337891403 0, 103.898172622959 1.34877672310134 0, 103.898149287094 1.3485989818617 0, 103.898133059735 1.34842044097335 0, 103.898123966947 1.34824138802353 0, 103.898122023112 1.34806211240843 0, 103.89812723183 1.34788290171575 0, 103.898139584122 1.34770404715096 0, 103.898159061125 1.34752583539784 0, 103.898185629597 1.34734855404495 0, 103.89821924911 1.34717248977652 0, 103.898259863958 1.34699792475537 0, 103.898307407654 1.34682514204891 0, 103.898361807421 1.34665442020283 0, 103.898422969813 1.34648603324148 0, 103.898490801388 1.34632025338049 0, 103.8985628101 1.34611073113344 0, 103.898628271828 1.34589904491813 0, 103.898687121883 1.34568540093169 0, 103.898739302764 1.34547000898851 0, 103.898784764159 1.34525307980707 0, 103.898823460248 1.34503482501004 0, 103.898855353299 1.34481545893289 0, 103.898880411872 1.34459519591091 0, 103.898898612609 1.3443742520878 0, 103.898909938447 1.3441528427027 0, 103.898914375915 1.34393118570766 0, 103.898911922325 1.34370949815004 0, 103.898902578582 1.3434879952683 0, 103.898709107337 1.3424891287528 0, 103.898609142099 1.34223411890698 0, 103.89851380262 1.341977321004 0, 103.898423123046 1.3417188191494 0, 103.897994148199 1.34055912313678 0, 103.897472658774 1.33956026515741 0, 103.89647175292 1.3381720284154 0, 103.896009153304 1.33766413778429 0, 103.895298610264 1.33701024741438 0, 103.894743419046 1.33649447914208 0, 103.893810734734 1.3358163722958 0, 103.893697218251 1.33574534273555 0, 103.893134624242 1.33544471883649 0, 103.89270486061 1.33526225307137 0, 103.892261668035 1.33503923767544 0, 103.891711034438 1.33478919060872 0, 103.890985809292 1.33445129037401 0, 103.889803958826 1.33377548123463 0, 103.888317375296 1.33285861557489 0, 103.887642815143 1.33251165143233 0, 103.886898365361 1.33207605641435 0, 103.885954818752 1.33149235681517 0, 103.885547969238 1.33121357536042 0, 103.885296931171 1.3309347887266 0, 103.885054548584 1.33063857840075 0, 103.88489872893 1.33028138042832 0, 103.884820812081 1.32978478482158 0, 103.884742884096 1.32870447003287 0, 103.884647634767 1.3272756669713 0, 103.884509108694 1.32598626077842 0, 103.884387908418 1.32534155829764 0, 103.884301337683 1.32501049494532 0, 103.884154176071 1.32469685813009 0, 103.883989702055 1.32442678307811 0, 103.883825228234 1.32420898026822 0, 103.883556876912 1.32384307182747 0, 103.883314497891 1.32363398411583 0, 103.882985556804 1.32342489721934 0, 103.882682584985 1.32326808291751 0, 103.881730390169 1.32284991469459 0, 103.880068380449 1.32219652995527 0, 103.87956631341 1.32196130882223 0, 103.879211404419 1.32178707066225 0, 103.876415912358 1.32017191267511 0, 103.876022641013 1.31988987537386 0, 103.875798922608 1.31969789984684 0, 103.875450393772 1.31930209534929 0, 103.875198414802 1.31892999074816 0, 103.875033567427 1.31860528691214 0, 103.874838104413 1.31815733679182 0, 103.87476745288 1.31787055406555 0, 103.874699155136 1.31750318609473 0, 103.8746355659 1.31708604634469 0, 103.874600236107 1.316668905216 0, 103.874593165896 1.31631575825187 0, 103.874607286214 1.31574455781213 0, 103.874673205695 1.31476332670554 0, 103.874898258162 1.3131221166844 0, 103.87500811103 1.3123507082294 0, 103.875243519373 1.31117121494069 0, 103.875573095982 1.30992063426852 0, 103.875778701563 1.30915864310197 0, 103.876918746325 1.30620643498985 0, 103.877567908325 1.30453640058927 0, 103.877941340277 1.30354864795482 0, 103.878106341899 1.30292802577303 0, 103.87817581237 1.30238607505636 0, 103.878167116373 1.30178293824219 0, 103.878088943102 1.30123225038206 0, 103.87788049413 1.30056792781352 0, 103.877298580291 1.29895957277996 0, 103.876725351047 1.29731625287324 0, 103.876391046163 1.29647364677785 0)"
kml_209,KALLANG PAYA LEBAR EXPRESSWAY,"LINESTRING Z (103.876150024721 1.29515224039529 0, 103.876321205721 1.29565951094634 0, 103.877348292858 1.29857871325154 0, 103.877871798051 1.29990360439606 0)"
kml_210,KALLANG PAYA LEBAR EXPRESSWAY,"LINESTRING Z (103.876351861169 1.29485126442294 0, 103.876482140226 1.29523587126799 0, 103.876925093004 1.29674807695671 0, 103.877220392854 1.2976221835751 0, 103.877524381583 1.29868859406923 0, 103.877871798051 1.29990360439606 0)"
kml_211,KALLANG PAYA LEBAR EXPRESSWAY,"LINESTRING Z (103.918056141304 1.38370827107959 0, 103.918008382246 1.38340921797589 0, 103.917904427661 1.38312149855628 0, 103.917791809976 1.38285993362376 0, 103.917536525126 1.38248018526501 0, 103.916676604032 1.38157715755868 0, 103.916475720679 1.38129305169367 0, 103.916171823447 1.38086325559858 0, 103.915874969267 1.38045726385999 0, 103.915317334254 1.3799025206114 0, 103.914775093226 1.37951437668064 0, 103.913498649803 1.37871799363899 0, 103.912482800883 1.37809879216359 0, 103.911597136633 1.3775589419976 0, 103.910976873785 1.37709077891262 0, 103.910456914023 1.37658648939942 0, 103.909954434747 1.37589603598114 0, 103.909751508738 1.37556539459811 0, 103.909531863633 1.3751109789326 0, 103.909120628 1.37397483487039 0, 103.908571240881 1.37245701390148 0, 103.907136156575 1.36797460005146 0, 103.906561773083 1.36621607738063 0, 103.906104938907 1.36495246118818 0)"
kml_212,KALLANG PAYA LEBAR EXPRESSWAY,"LINESTRING Z (103.877871798051 1.29990360439606 0, 103.878204895881 1.300877172191 0, 103.878294944159 1.30131634988242 0, 103.878350362781 1.30176946987362 0, 103.878357294952 1.30211802539592 0, 103.8783503749 1.30245263767426 0, 103.878315749583 1.30281513472035 0, 103.878175829216 1.30333885742647 0, 103.877459336875 1.30525288980278 0, 103.876950867051 1.30654044065425 0, 103.876239009593 1.30840981328575 0, 103.876137316083 1.30870611197077 0, 103.875954998633 1.30916765027589 0, 103.875575721286 1.31044192709441 0, 103.875376929999 1.31130285198291 0, 103.875337698974 1.3117109353584 0, 103.875123213826 1.31264821055494 0, 103.875023823781 1.3134248858555 0, 103.874807668741 1.31538795632973 0, 103.87475462626 1.31586850573772 0, 103.874751827112 1.31662109617304 0, 103.874777990851 1.31693176481787 0, 103.874848627569 1.31741093118536 0, 103.874932343059 1.317855870752 0, 103.875039599443 1.31822972596805 0, 103.875125925964 1.31844561257912 0, 103.875316891239 1.31880630243529 0, 103.87546323502 1.31909113766022 0, 103.875618733856 1.31930374113237 0, 103.875794768668 1.31948976677954 0, 103.876208013913 1.31982906360674 0, 103.876495019242 1.32002533372144 0, 103.877021194963 1.32032899737696 0, 103.879835588923 1.32181536287055 0, 103.880444638167 1.32203174942592 0, 103.880899378156 1.32215295265253 0, 103.882898986225 1.32299800012725 0, 103.88334911613 1.3232593568385 0, 103.883712684 1.32356427755733 0, 103.884067597612 1.32393889594235 0, 103.884353263404 1.32440063763781 0, 103.884561021842 1.32481010866228 0, 103.884699529719 1.32521958020693 0, 103.884777446185 1.3256639026845 0, 103.88496791567 1.3272408105874 0, 103.885105497636 1.32973561035606 0, 103.885167841976 1.33007440829159 0, 103.885267588426 1.3303567378352 0, 103.885417204341 1.33062024559071 0, 103.885641625579 1.3309088478465 0, 103.886015657972 1.33122881654773 0, 103.887412037681 1.33200049544657 0, 103.888619694124 1.33271717525622 0, 103.889972901766 1.33357500693497 0, 103.891806571754 1.33441038819609 0, 103.892957951784 1.33499992887854 0, 103.893735701624 1.33544927741581 0, 103.894186198378 1.33576605862352 0, 103.894423824267 1.33593623681713 0, 103.89465748499 1.33611188920088 0, 103.894887057442 1.33629291991636 0, 103.895112417623 1.33647923400956 0, 103.895333446919 1.33667073110021 0, 103.895550027618 1.33686730990367 0, 103.895762044702 1.33706886732654 0, 103.895969384951 1.33727529304045 0, 103.89617193694 1.33748647943013 0, 103.896369593738 1.33770231164527 0, 103.896562250211 1.33792267754863 0, 103.896749803921 1.33814745867236 0, 103.896932154226 1.33837653564423 0, 103.897109204076 1.33860978637877 0, 103.89728086002 1.33884708607739 0, 103.8974470304 1.33908830813268 0, 103.897607626254 1.33933332503281 0, 103.897762563114 1.33958200655273 0, 103.89791175741 1.33983421975426 0, 103.899046444687 1.34249182189252 0, 103.899194646065 1.34330243540775 0, 103.899252204031 1.3443678151935 0, 103.899096291916 1.34533356971097 0, 103.899042468785 1.3456267876422 0, 103.89887741205 1.34619536838985 0, 103.898729471685 1.34678817928641 0, 103.898624254855 1.34750462912855 0, 103.898595896035 1.34820529031748 0, 103.898652673252 1.34900647919501 0, 103.898837131326 1.34989297957857 0, 103.898897811201 1.35009259545052 0, 103.90094254892 1.35504412435121 0, 103.902721578899 1.35821170533066 0, 103.903774500978 1.36014272265459 0, 103.904827105156 1.36211297160596 0, 103.90631463519 1.36501894179586 0, 103.906827848128 1.36624541489881 0, 103.908877821862 1.37261253570324 0, 103.909741832788 1.37513749896728 0, 103.910041392315 1.37570153534452 0, 103.910331286214 1.37615859574301 0, 103.910659827728 1.37655730711886 0, 103.911036683106 1.37690739195068 0, 103.911626117913 1.37735471770105 0, 103.915220696676 1.37957187698779 0, 103.915491259413 1.37982471491371 0, 103.916013429604 1.38035495744756 0, 103.916206295374 1.38060233202558 0, 103.916492212269 1.381114049592 0, 103.916721482279 1.3814447526747 0, 103.917535883869 1.38231083423327 0, 103.917888118757 1.38274685131241 0, 103.918086354233 1.38313023360037 0, 103.918162586408 1.38345418008423 0)"
kml_213,KRANJI EXPRESSWAY,"LINESTRING Z (103.775741660211 1.39085422516696 0, 103.775546130587 1.39070619139983 0, 103.775312739309 1.39059941284705 0, 103.77504752017 1.39050331220737 0, 103.774644385672 1.39043923884454 0, 103.772872709435 1.39048190333282 0, 103.771381483346 1.39054025556798 0, 103.766644221857 1.39067180734067 0, 103.765318654654 1.39063908558362 0, 103.764319047203 1.39055166231923 0, 103.763319570065 1.39040581133132 0, 103.762222038783 1.39019090609301 0, 103.761059445989 1.38989570444317 0, 103.759936409889 1.38956754032777 0, 103.759383012412 1.38935987931983 0, 103.758743929905 1.38919488966051 0, 103.757704445293 1.3889728126008 0, 103.75672866333 1.38884575591159 0, 103.755843546029 1.38880293873592 0, 103.755002388845 1.38881770531444 0, 103.753959406995 1.388936311005 0, 103.753125585767 1.38908443998689 0, 103.749608489677 1.38976353556826 0, 103.748520428679 1.38984839359527 0, 103.747775952638 1.38981531572086 0, 103.747278774403 1.3897700151801 0, 103.74670380092 1.38967782134322 0, 103.74593660821 1.38949436275043 0, 103.745023525388 1.3891668858495 0, 103.744072618142 1.38867229625616 0, 103.743553959206 1.38833304539714 0, 103.742995905081 1.38792198559036 0, 103.741467112001 1.38663792442772 0, 103.738662357325 1.38427429780011 0, 103.735704276556 1.38173507164359 0, 103.735050654998 1.38112506805272 0, 103.734970494556 1.38105025762859 0, 103.73104030329 1.37768897040561 0, 103.73026253612 1.37704574936137 0, 103.724298677155 1.37194141085283 0, 103.723181694726 1.37120204566206 0, 103.721988185714 1.37055508780378 0, 103.720840562252 1.37009295342212 0, 103.716145711403 1.36871367290621 0, 103.712531684703 1.36770151559702 0, 103.710664739824 1.36708405562845 0, 103.709884327852 1.36676773007634 0, 103.709227098714 1.36648914972769 0, 103.708322290623 1.365995822704 0, 103.707367222075 1.36533806702496 0, 103.705834092616 1.36417435206493 0, 103.704641824731 1.36321366127291 0, 103.704216060661 1.3628315996417 0, 103.703736579778 1.36234518794119 0, 103.703354473128 1.36190653266544 0, 103.703043424408 1.36143106734164 0)"
kml_214,KRANJI EXPRESSWAY,"LINESTRING Z (103.703263709639 1.36090660089321 0, 103.70382286599 1.36161046357993 0, 103.705362310198 1.36331078589329 0, 103.706074039849 1.36401182113564 0, 103.707023019618 1.36484382309716 0, 103.708048542445 1.36557568601979 0, 103.708805669612 1.36605838731624 0, 103.709616647002 1.36645945893677 0, 103.71027462356 1.36676029738292 0, 103.711077460994 1.367026127991 0, 103.719588119608 1.36953225157171 0, 103.720381531892 1.3697694828173 0, 103.721100714242 1.37003136323628 0, 103.721697480768 1.37026243241112 0, 103.722248336317 1.37052430189236 0, 103.722875695841 1.37083238140541 0, 103.723717266921 1.37132529794486 0, 103.724451715807 1.3718490100923 0, 103.729879228841 1.37642038660982 0, 103.730748954072 1.37711867206302 0, 103.731345364141 1.37772660505702 0, 103.735100093236 1.38093695811155 0, 103.735826597595 1.38155812996192 0, 103.738830542424 1.38412044076177 0, 103.741485889815 1.38642079303283 0, 103.743092967089 1.38778968733944 0, 103.743615124798 1.38817917669413 0, 103.744133784609 1.38851842844287 0, 103.745084691811 1.38901301800893 0, 103.745997774585 1.38934049488326 0, 103.746764967252 1.38952395435781 0, 103.747339940701 1.38961614727328 0, 103.747837119804 1.38966144779924 0, 103.748780238279 1.38965829860116 0, 103.749449045236 1.38961247228805 0, 103.752332666898 1.38904396331718 0, 103.752938376079 1.38890476826119 0, 103.753576208124 1.38880098267037 0, 103.754110861024 1.38872550994404 0, 103.754739723708 1.38866668867157 0, 103.755471729553 1.38863318920484 0, 103.756384534991 1.38866445599116 0, 103.756863392233 1.38868085778734 0, 103.757839128312 1.38880790265921 0, 103.758878612869 1.38902997875201 0, 103.759284467817 1.38914050207592 0, 103.759573323365 1.38922966330923 0, 103.7606682883 1.38956764539288 0, 103.761635305226 1.38987379490989 0, 103.762417611434 1.39007059640455 0, 103.763352162382 1.39025270537993 0, 103.764351637662 1.39039855544657 0, 103.765416438956 1.39047503778404 0, 103.765470404798 1.39047594732664 0, 103.766709408682 1.39049682570544 0, 103.771653111394 1.39034338729089 0, 103.773139720685 1.39027652107955 0, 103.77366423267 1.39025292877697 0, 103.774773489313 1.39027304535286 0, 103.775207651208 1.39035607763687 0, 103.775507220312 1.39048717436149 0, 103.775737323791 1.39062700640194 0, 103.775910984774 1.39081053408354 0)"
kml_215,MARINA COASTAL EXPRESSWAY,"LINESTRING Z (103.875997871632 1.2952000992381 0, 103.875461637977 1.29366211870069 0, 103.875340386149 1.29334627138534 0, 103.875276191951 1.29309502820897 0, 103.875211998312 1.29282224939553 0, 103.875169198583 1.29247050834168 0, 103.875147796981 1.29213312281535 0, 103.875147790174 1.29171677504986 0, 103.875211971982 1.29121428639376 0, 103.875326077633 1.2907117950971 0, 103.87547584741 1.29027391010509 0, 103.875675540866 1.28982884542261 0, 103.875918027748 1.28941249267769 0, 103.876324552762 1.28881667772602 0, 103.877225464418 1.28779506395305 0, 103.87755704414 1.28739672807536 0, 103.877781661012 1.28701992514761 0, 103.877995579951 1.28660006016378 0, 103.878123931285 1.2862555546666 0, 103.878198799179 1.28593258303141 0, 103.87820657986 1.28537939390419 0, 103.878183190108 1.28502636563637 0, 103.878125576684 1.28466689256434 0, 103.877987052395 1.28424864715972 0, 103.877825726445 1.28391232130213 0, 103.877511311284 1.28343179896312 0, 103.877209068257 1.28308080671043 0, 103.876785897315 1.28267856704603 0, 103.876362106198 1.28231128281921 0, 103.870671741384 1.27809070241593 0, 103.868344832232 1.27644323867656 0, 103.86508390813 1.27409916218305 0, 103.860405188836 1.27090051617944 0, 103.859914495708 1.27066506899885 0, 103.85946374435 1.27052150569602 0, 103.858973051836 1.27042388445004 0, 103.858225605269 1.27045834810894 0, 103.85786044034 1.2705042933617 0, 103.857483864434 1.27059618131299 0, 103.857073054801 1.27073975307786 0, 103.856519604161 1.2710441221556 0, 103.855937625356 1.27140017672759 0, 103.85362677113 1.27286440177867 0, 103.853067512028 1.2732392509444 0, 103.852563915103 1.2734724109083 0, 103.852172288364 1.27360141424265 0, 103.85186768534 1.27368367026533 0, 103.851581969206 1.27372151004205 0, 103.851198962193 1.27374333326004 0, 103.850798757101 1.27375079522282 0, 103.850397103066 1.27368215030042 0, 103.849992966914 1.27355409940586 0, 103.849573458179 1.27335026728292 0, 103.848906694158 1.27300955373324 0)"
kml_216,MARINA COASTAL EXPRESSWAY,"LINESTRING Z (103.849495890173 1.27304264622453 0, 103.850009405722 1.27328957978492 0, 103.850403100914 1.27342740331496 0, 103.850922321352 1.27353076871593 0, 103.8513445443 1.27354799393389 0, 103.851565144654 1.27354130640307 0, 103.851832527064 1.27350589407645 0, 103.852121017558 1.27342798907608 0, 103.852508017725 1.27330050963931 0, 103.852979454341 1.27308096424315 0, 103.853531476656 1.27271096435837 0, 103.856342724905 1.27084312773619 0, 103.856861942356 1.27055024444515 0, 103.857267045115 1.27037795918075 0, 103.857683560643 1.27026310001386 0, 103.85819707416 1.27018269705094 0, 103.858687763743 1.2701712068187 0, 103.859189866062 1.27020565811593 0, 103.859646324377 1.27030327967236 0, 103.860097076958 1.27048130015153 0, 103.8605021844 1.27069377733654 0, 103.865346370157 1.27407618804755 0, 103.869055118783 1.27661442510188 0, 103.870898085707 1.2779754251442 0, 103.87656805739 1.28214271117873 0, 103.876995992627 1.28251358924569 0, 103.877423930399 1.28292035785099 0, 103.877732996177 1.28327927309774 0, 103.878053951999 1.28376979214075 0, 103.878220375566 1.28411674508225 0, 103.878363026195 1.28454744711877 0, 103.878422468376 1.28491833142508 0, 103.87844624823 1.2852772507141 0, 103.878458142151 1.28568402738021 0, 103.878422487263 1.28599509236527 0, 103.878339283643 1.28631812203326 0, 103.878220420063 1.28666508000914 0, 103.8781015552 1.28694025494246 0, 103.877935142675 1.28723935838688 0, 103.877281545232 1.28806952407783 0, 103.876679088337 1.28871751533301 0, 103.876241183361 1.28924091477824 0, 103.875940124652 1.28968167191478 0, 103.875734860441 1.29008110699307 0, 103.875556964168 1.29049431507175 0, 103.875447492679 1.29090752109463 0, 103.875379076658 1.29138959469971 0, 103.875338030201 1.29187166694245 0, 103.87535172179 1.29233996570384 0, 103.875392784328 1.29278071706114 0, 103.875502270212 1.29323524074574 0, 103.875721239346 1.29392391071828 0, 103.876150024721 1.29515224039529 0)"
kml_217,NICOLL UNDERPASS,"LINESTRING Z (103.877011150912 1.30723617624527 0, 103.877039653187 1.30730864428118 0, 103.87707531815 1.30750605014457 0, 103.877064623026 1.30767833176611 0, 103.87703253023 1.30781831167184 0, 103.876975475066 1.30796905937759 0, 103.876875625666 1.30811980692531 0)"
kml_218,PAN ISLAND EXPRESSWAY,"LINESTRING Z (103.666335518178 1.32704531328959 0, 103.665950684331 1.32652098398299 0, 103.664975433617 1.32518830937473 0, 103.664021951293 1.32372277817994 0, 103.663433599082 1.32285056414996 0)"
kml_219,PAN ISLAND EXPRESSWAY,"LINESTRING Z (103.666335518178 1.32704531328959 0, 103.66590586733 1.32662779497743 0, 103.665486877642 1.32616117235688 0, 103.665100811799 1.32564264886548 0, 103.664785605176 1.32518606080439 0, 103.664464916893 1.32468548785448 0, 103.663733703676 1.32361870985737 0, 103.663579191441 1.32334651922337 0, 103.663493014572 1.32326276587461 0, 103.663380090556 1.32320592897401 0)"
kml_220,PAN ISLAND EXPRESSWAY,"LINESTRING Z (103.663525970183 1.32278088319454 0, 103.66443796759 1.32418102638738 0, 103.665088963227 1.32507435954967 0, 103.665611945038 1.32582812473176 0, 103.665843723878 1.32611527595675 0)"
kml_221,PAN ISLAND EXPRESSWAY,"LINESTRING Z (103.663831823833 1.32285900482277 0, 103.66386888963 1.32300845568223 0, 103.663905971187 1.32309785156872 0, 103.664075477047 1.32333758118894 0, 103.664619259046 1.32410032009746 0, 103.665183840156 1.32492886434266 0, 103.665599840804 1.32562579309171 0, 103.665843723878 1.32611527595675 0)"
kml_222,PAN ISLAND EXPRESSWAY,"LINESTRING Z (103.98116429444 1.33704182212563 0, 103.980884455754 1.33687937142365 0, 103.980569269766 1.33682299628658 0, 103.980310120087 1.33683711000184 0, 103.979202543292 1.33731583244204 0, 103.977991501226 1.33784563529253 0, 103.973475489677 1.33976905967382 0, 103.973057077167 1.340061005382 0, 103.972331979878 1.34043193020354 0, 103.971832735793 1.34074302206516 0, 103.971274063213 1.34117375704766 0, 103.970893691444 1.3414968058014 0, 103.970453890022 1.3419514606005 0, 103.970002204974 1.34245397393119 0, 103.96924492612 1.34360028701258 0, 103.968919426297 1.34410852858512 0, 103.96760621176 1.34615899910175 0, 103.966696591279 1.34756290493042 0, 103.966410075146 1.34793462342851 0, 103.966131326366 1.34826183420212 0, 103.965720971057 1.34864357976031 0, 103.965039641877 1.34922009078275 0, 103.96459834372 1.34952392617086 0, 103.964336914615 1.34967283814101 0, 103.964188030361 1.34975764461991 0, 103.963640323123 1.35001999438406 0, 103.963067500364 1.35025371961019 0, 103.962626273568 1.35038616539164 0, 103.962138603285 1.35051081797251 0, 103.960733468377 1.3507116310553 0, 103.96003339832 1.35068983567618 0, 103.959275677235 1.35061102396546 0, 103.958162344447 1.35039335745035 0, 103.957279703125 1.35001912803767 0, 103.95693486204 1.34983408242289 0, 103.956023887668 1.34935249439387 0, 103.955514340719 1.34897189578145 0, 103.950032448572 1.34421426891582 0, 103.948492376618 1.34298335027926 0, 103.947963884663 1.34253545982183 0, 103.9471196227 1.34186025438179 0, 103.945458717901 1.3403450581844 0, 103.940081290783 1.33582316511302 0, 103.939690498916 1.33555487756596 0, 103.9388220914 1.33518337215647 0, 103.93823757764 1.33511214527514 0, 103.937484811233 1.33513007844225 0, 103.936393118791 1.3351787966522 0, 103.930287454289 1.33559147962901 0, 103.928840782287 1.33560074756853 0, 103.927331833165 1.33544735374103 0, 103.926063478067 1.33519840295427 0, 103.925461856664 1.33505032807403 0, 103.924416797749 1.33470671639816 0, 103.923502903677 1.33435310710845 0, 103.921346243129 1.33337213038935 0, 103.919296393683 1.33244267129886 0, 103.917554503784 1.33158762894045 0, 103.912809749424 1.32934140861603 0, 103.910898534903 1.32834749170391 0, 103.909214576203 1.3273885759312 0, 103.908865283244 1.32724524412293 0, 103.90840500735 1.327046176999 0, 103.907609988277 1.32680041224116 0, 103.90387454084 1.32569026270427 0, 103.903151797872 1.32551417291004 0, 103.902429056986 1.32540986678692 0, 103.894303922016 1.32382987613057 0, 103.892934515204 1.32343940429484 0, 103.891595542218 1.32314081526208 0, 103.890515234072 1.32288050304712 0, 103.889425781033 1.32267667171837 0, 103.888565520679 1.32249596118069 0, 103.887582962987 1.32240014479614 0, 103.885608277985 1.32232719076834 0, 103.885162581415 1.32227893425174 0, 103.884789154005 1.32220447038404 0, 103.884299444962 1.32204342321853 0, 103.883783826625 1.32185797583003 0, 103.883074588262 1.32158077905559 0, 103.881539051632 1.32095015286816 0, 103.880128907078 1.32037839291976 0, 103.879624797668 1.32017399617588 0, 103.879081255145 1.32000538304114 0, 103.878653655183 1.31996671939508 0, 103.877245994734 1.31997243416547 0, 103.876608836289 1.32003544523794 0, 103.876255158444 1.3201558521523 0, 103.87567009712 1.32043463438333 0, 103.875335638986 1.32064947909293 0, 103.874749699976 1.32111660315509 0, 103.874266911319 1.32171444220723 0, 103.872511913412 1.32406887313686 0, 103.871713088645 1.32511901739716 0, 103.871329978851 1.32566870055575 0, 103.870889809677 1.32621018194379 0, 103.870278460631 1.32683370706138 0, 103.869846439647 1.32722751176817 0, 103.869324752889 1.32763772831348 0, 103.868876427961 1.32794949186656 0, 103.868481919294 1.32820630990971 0, 103.868197401123 1.32835306970284 0, 103.867600418257 1.32861330444963 0, 103.866873716126 1.32886492133239 0, 103.865808343957 1.3291921220533 0, 103.865252521118 1.32934071280694 0, 103.864675168751 1.32955496237917 0, 103.863718366208 1.32999309468154 0, 103.863012450838 1.33035284232507 0, 103.862776978312 1.33045369355814 0, 103.862311040204 1.33059993213009 0, 103.861795000103 1.33064532008886 0, 103.861454313374 1.33063019671609 0, 103.860848090086 1.33054952433592 0, 103.859311649771 1.33006450690917 0, 103.857984100277 1.32961407383659 0, 103.856633542694 1.3292436367211 0, 103.856223810763 1.32918329323724 0, 103.855038039014 1.32924802666675 0, 103.85309132374 1.32942763634364 0, 103.847494393859 1.3298603990005 0, 103.842538084036 1.32966098489598 0, 103.841975187139 1.32956578900621 0, 103.841962671151 1.32956367193279 0, 103.841585512876 1.32945662178643 0, 103.841160037354 1.32930092325249 0, 103.840778045648 1.32913547907997 0, 103.840183546108 1.32881003164972 0, 103.838288294882 1.32770538198616 0, 103.837751628971 1.32748152835363 0, 103.837332738682 1.32735613258858 0, 103.836777217739 1.32718983705793 0, 103.834708104615 1.3265082357601 0, 103.833267326432 1.32606538416726 0, 103.83278867735 1.32596318638467 0, 103.832342997134 1.32593061826712 0, 103.831874012869 1.32599386115546 0, 103.831443696002 1.326144612113 0, 103.830602379953 1.32661140996872 0, 103.830225242021 1.32679132562467 0, 103.829915803971 1.32687400222632 0, 103.829409114296 1.32695092400996 0, 103.828964309127 1.32692658228633 0, 103.827364894252 1.32664265636937 0, 103.82719581238 1.32662996319592 0, 103.826852456685 1.32664637472373 0, 103.826469533831 1.32673673870006 0, 103.826068239754 1.32691190935271 0, 103.825536402043 1.32729631784362 0, 103.825007357156 1.32786584423238 0, 103.824485370357 1.32838494044611 0, 103.824057320774 1.32872659333622 0, 103.823660381996 1.32900659935684 0, 103.823396832402 1.32915878025337 0, 103.822703336762 1.32947385886951 0, 103.820828362079 1.33022529106809 0, 103.820115886345 1.33057384480601 0, 103.818835769825 1.33127593556137 0, 103.816225158799 1.3326871334502 0, 103.814948826782 1.33336794698671 0, 103.814356691149 1.33361641661415 0, 103.814210080296 1.33368061359557 0, 103.812849688886 1.33404806938996 0, 103.812370495814 1.33422890024411 0, 103.811799057647 1.33451702218618 0, 103.811375167005 1.3348010991953 0, 103.807704999118 1.33812332764737 0, 103.806959786718 1.33879789055042 0, 103.805579702101 1.34005680293077 0, 103.804707769095 1.34097083935209 0, 103.804174061203 1.34152967865348 0, 103.801362087983 1.34446563864548 0, 103.800487230048 1.34535548528075 0, 103.799602730275 1.34634985787052 0, 103.798493253816 1.34749402126281 0, 103.798062490788 1.34790500789443 0, 103.797655575603 1.3482442036469 0, 103.797073787326 1.34865571058284 0, 103.796236771917 1.34907678978301 0, 103.795406759139 1.34935515197729 0, 103.794579304009 1.34954379918109 0, 103.793687233902 1.34962836628217 0, 103.792885698203 1.34956332107547 0, 103.792077709736 1.34945924494377 0, 103.791343063858 1.3492480496886 0, 103.790541656242 1.34896140735508 0, 103.790037579693 1.34871394534977 0, 103.789674808155 1.3484323460486 0, 103.789405305859 1.34808879039999 0, 103.789218776351 1.34777285099694 0, 103.788877590355 1.34709156912878 0, 103.788662973773 1.34662630417272 0, 103.788552913925 1.34635489973569 0, 103.788409837175 1.3460447218763 0, 103.788228328899 1.34569101443703 0, 103.788026758764 1.3453718298086 0, 103.78778464144 1.34508371383478 0, 103.787465457585 1.344828820009 0, 103.786992159365 1.34455173372458 0, 103.784964101228 1.34369888959225 0, 103.783923919234 1.34331611912861 0, 103.783191613323 1.34305070399161 0, 103.781830218793 1.34255728337926 0, 103.780389942358 1.34213415562404 0, 103.780002343242 1.34196689495744 0, 103.779769849853 1.34184543193821 0, 103.779229773122 1.34140238738337 0, 103.778900929811 1.34100448968872 0, 103.778635009651 1.34054177126294 0, 103.778292787846 1.33982435412294 0, 103.777392081925 1.33785899578925 0, 103.777089651725 1.33737592637043 0, 103.776682025099 1.33683991571637 0, 103.776172172576 1.33637612874114 0, 103.77557023392 1.33592784300269 0, 103.774357200883 1.33503513794427 0, 103.773557363927 1.33454512321073 0, 103.772690841557 1.3341020593474 0, 103.771484344732 1.33357168383503 0, 103.769577934988 1.33276603015208 0, 103.768784669307 1.33254440672156 0, 103.768078045275 1.33238990362823 0, 103.767384719268 1.33232934059586 0, 103.76689137897 1.33232250744901 0, 103.766278016212 1.33236931959661 0, 103.765704629262 1.33248324282835 0, 103.764971204151 1.33269106066001 0, 103.76430442585 1.3329592844197 0, 103.76342289575 1.33346165614197 0, 103.759979717621 1.33538231009423 0, 103.759503335615 1.33563527432955 0, 103.75824976542 1.3363615858142 0, 103.756445637756 1.33739883392981 0, 103.751422365563 1.34022335964501 0, 103.744113140206 1.34432875512544 0, 103.743511689778 1.3445826311409 0, 103.742954205666 1.34476615821243 0, 103.742436077108 1.34491197829175 0, 103.741894319963 1.3450094356326 0, 103.741208779201 1.34509607663278 0, 103.74026053793 1.34516282132331 0, 103.739555452675 1.34522182737519 0, 103.738830763647 1.34539416092561 0, 103.738138850563 1.34565531214608 0, 103.737777981382 1.34582266573299 0, 103.737493437786 1.34598686062822 0, 103.737012959118 1.34625178200833 0, 103.736669745417 1.34651489009165 0, 103.736137845132 1.34701688531732 0, 103.73544118927 1.34776001403977 0, 103.734703295345 1.34854713087497 0, 103.732234510404 1.35106945839745 0, 103.731481072321 1.35169818509939 0, 103.730923041769 1.3520854748211 0, 103.728715411633 1.35338609632088 0, 103.72762256998 1.35402352859304 0, 103.727157690941 1.35427826264117 0, 103.726119681087 1.35472169357522 0, 103.725032722016 1.35509613432269 0, 103.7239947383 1.35534245299434 0, 103.723054689699 1.35549022276447 0, 103.721018809439 1.35564407283767 0, 103.720042583935 1.35568742472257 0, 103.71882624435 1.35574957101319 0, 103.718142589371 1.35584764543927 0, 103.717247310558 1.35610588201503 0, 103.716109562621 1.35658177472778 0, 103.714752167589 1.3571495401638 0, 103.714095031383 1.35752434959568 0, 103.71346444456 1.35805107042546 0, 103.710423245651 1.36079123932788 0, 103.709142396363 1.36191181556037 0, 103.7088697617 1.36210581965788 0, 103.70811719787 1.36252501469604 0, 103.707735899914 1.36265956471663 0, 103.707300442373 1.36278269786678 0, 103.706811005735 1.36286236172394 0, 103.70626399165 1.36289131302994 0, 103.705692841141 1.36283592663656 0, 103.705178205395 1.36272297868151 0, 103.704813703344 1.36260188857401 0, 103.704387237711 1.36243677073387 0, 103.703744394152 1.36203399377597 0, 103.703043424408 1.36143106734164 0, 103.701979680292 1.36002901308099 0, 103.700938892321 1.35868858836718 0, 103.699457396792 1.35699285479214 0, 103.698877054265 1.35632805401742 0, 103.698629984893 1.35604502828213 0, 103.698017081433 1.35535091243648 0, 103.697540815361 1.35480424590443 0, 103.696996250379 1.35418286610175 0, 103.696679274342 1.35376927262811 0, 103.696239482113 1.35319542917548 0, 103.693853326282 1.34978484744007 0, 103.693335682392 1.3491159506723 0, 103.691906332786 1.3475496342478 0, 103.691573752697 1.34720597092439 0, 103.691473370326 1.34710974910288 0, 103.690921891439 1.34658112910454 0, 103.689902226289 1.34572350261788 0, 103.689451375894 1.34537765344815 0, 103.68883880231 1.34490774329922 0, 103.683047356026 1.34037308537481 0, 103.682467117299 1.33998366583979 0, 103.682146531664 1.33981663030642 0, 103.681716567871 1.33967342327465 0, 103.681325736843 1.33957893022896 0, 103.680954258656 1.33954739092488 0, 103.679470485005 1.33954486399057 0, 103.678897049868 1.33943166225997 0, 103.678382753653 1.33922619309563 0, 103.677828912849 1.33880918037865 0, 103.677424161358 1.33832254038463 0, 103.677208609086 1.33797532787266 0, 103.677001426991 1.33748485965311 0, 103.675999880012 1.33397362769621 0, 103.675846605435 1.33341090896556 0, 103.675553887343 1.33233625135649 0, 103.67535512656 1.33185538702319 0, 103.675199054361 1.3315990493607 0, 103.675022335623 1.3313649929109 0, 103.674783663142 1.33112256167801 0, 103.674545652855 1.33092363385559 0, 103.674321008387 1.33076972778451 0, 103.673988088728 1.33061035141545 0, 103.673781483916 1.33053645439264 0, 103.673367391686 1.3304347256797 0, 103.672739318886 1.33036483268169 0, 103.672203054191 1.33024925091408 0, 103.671792956047 1.33013556565481 0, 103.671305593674 1.32997402096876 0, 103.670628047192 1.32969282296689 0, 103.670051545844 1.32932788318155 0, 103.667559955633 1.32798728160913 0, 103.667001264738 1.32759145668104 0, 103.666335518178 1.32704531328959 0)"
kml_223,PAN ISLAND EXPRESSWAY,"LINESTRING Z (103.665843723878 1.32611527595675 0, 103.66631322643 1.32667761407086 0, 103.666871881314 1.3272579042947 0, 103.667549413167 1.32775445502017 0, 103.670283349855 1.3292441511575 0, 103.671091647161 1.32966294374134 0, 103.671721646966 1.32991422855802 0, 103.672137689114 1.33003987710231 0, 103.672669346438 1.33016236065987 0, 103.6733341269 1.33025924762428 0, 103.673788975384 1.33036491929265 0, 103.674200074937 1.33048866079377 0, 103.674526959151 1.3306741239428 0, 103.674758748676 1.33081770627162 0, 103.675002422401 1.33103307391641 0, 103.675228260444 1.33129629465919 0, 103.675388721349 1.33153558539441 0, 103.675555123031 1.33181076698058 0, 103.675691802097 1.33217567735704 0, 103.676034855396 1.33340628803498 0, 103.676201045195 1.33396483124914 0, 103.677119384826 1.33737093488922 0, 103.677369807417 1.33794356255644 0, 103.677654349565 1.33836729565346 0, 103.678018549305 1.33876811186785 0, 103.678519296392 1.33911164634516 0, 103.679042786401 1.33930628543189 0, 103.679589021785 1.33939784223549 0, 103.680957163628 1.33937379172049 0, 103.681489108015 1.33944421862007 0, 103.682157785906 1.3396581977496 0, 103.682933640113 1.34006386905622 0, 103.689020985204 1.34478196016164 0, 103.689605801903 1.34525914240077 0, 103.690088235646 1.34565278439871 0, 103.691507334914 1.34692413357222 0, 103.692066012191 1.34742464360304 0, 103.69340666805 1.34893740664468 0, 103.693904430948 1.34956484268964 0, 103.696457706087 1.35312779802527 0, 103.696929725081 1.35378560602793 0, 103.697151689442 1.35409493384492 0, 103.697696254449 1.35471631361493 0, 103.698172489995 1.35526294484659 0, 103.69878540876 1.35595704166464 0, 103.698948067735 1.35613172644665 0, 103.699641486425 1.3568764013107 0, 103.703263709639 1.36090660089321 0, 103.704003812755 1.36164353683075 0, 103.704521922041 1.36202747638248 0, 103.704859981053 1.36221563259719 0, 103.705145912156 1.36234320366811 0, 103.70544091732 1.36244777455163 0, 103.705833177175 1.36254792463445 0, 103.706160309784 1.36259968058977 0, 103.706619388207 1.36262580211033 0, 103.706950235373 1.36261148274663 0, 103.70740539006 1.36254579216095 0, 103.707744560701 1.36246073934197 0, 103.708143222016 1.36231820832414 0, 103.708522308674 1.36211101703197 0, 103.708778388097 1.36197143030231 0, 103.709077148149 1.36176741537555 0, 103.711697107094 1.35937220519117 0, 103.714095165842 1.35727417492408 0, 103.71458357839 1.35699753293387 0, 103.716069733049 1.35641052089726 0, 103.717203000224 1.35596289383079 0, 103.718071609576 1.35568675413293 0, 103.718755265409 1.35558867972332 0, 103.720158054029 1.35550872358087 0, 103.721469458605 1.35543163281409 0, 103.722913865822 1.35533431864628 0, 103.723842539699 1.35520109689271 0, 103.725023364326 1.35491523240727 0, 103.725964487679 1.35457573697327 0, 103.726953696233 1.35415987525812 0, 103.727800805907 1.35374020585226 0, 103.728528894781 1.35331126937171 0, 103.729801205593 1.35253009134307 0, 103.730849065618 1.35191901463218 0, 103.731412553077 1.35151091938064 0, 103.732061170568 1.35098350409014 0, 103.732688007075 1.35038010130395 0, 103.733569212137 1.34945670901727 0, 103.734820912363 1.34810366855842 0, 103.735409230624 1.34750077796134 0, 103.73604973642 1.34684440797031 0, 103.736580538608 1.34634325920195 0, 103.73692484767 1.34607930468948 0, 103.737405328109 1.34581438332478 0, 103.737689871689 1.34565018843864 0, 103.738050739951 1.34548283395883 0, 103.738741607941 1.34522235918326 0, 103.739467341973 1.34504934832845 0, 103.74023118963 1.34496078905912 0, 103.740857927879 1.34494118925751 0, 103.741362257282 1.34491663959616 0, 103.741839212646 1.34485197937941 0, 103.742382622397 1.34474946491075 0, 103.742900411987 1.34460846960632 0, 103.743457896065 1.34442494344912 0, 103.743969229414 1.34420907994643 0, 103.744892796909 1.34371345662035 0, 103.745479601351 1.34338482954899 0, 103.746759168432 1.34266137479886 0, 103.751238039119 1.34013462722871 0, 103.75659633157 1.33709950061623 0, 103.757476412091 1.33660029403488 0, 103.761136106404 1.33452366194517 0, 103.761323562016 1.33441315421435 0, 103.763130896621 1.33342196338844 0, 103.764091111206 1.33289884065839 0, 103.764957934408 1.33252331163496 0, 103.765718027894 1.33230879139565 0, 103.766506464046 1.33217441461142 0, 103.767119842961 1.33216007540105 0, 103.767733220218 1.33217444778404 0, 103.768489240619 1.33228932214762 0, 103.768938063302 1.33238341136181 0, 103.769637991086 1.3326184286581 0, 103.771571058612 1.3334442204378 0, 103.772777556296 1.33397459409722 0, 103.773644078639 1.33441765792893 0, 103.774443915573 1.33490767444226 0, 103.775630294559 1.33576682330263 0, 103.776088013722 1.33614101562038 0, 103.776553862123 1.33652185331364 0, 103.776820097951 1.33678036292515 0, 103.777099444759 1.33711490360547 0, 103.777438111315 1.33762739191332 0, 103.77851872275 1.33996999439663 0, 103.778795925852 1.34056294061203 0, 103.779072423774 1.34098995496297 0, 103.779395210909 1.34134276904658 0, 103.780043084005 1.34175620162392 0, 103.780925986414 1.34204317012437 0, 103.781682803082 1.34228915708782 0, 103.782783781253 1.34265144771168 0, 103.784990813072 1.34354453415382 0, 103.787102271082 1.34444096387422 0, 103.78754120201 1.34471956972477 0, 103.78786455775 1.34498138200484 0, 103.788121225771 1.34525324772216 0, 103.788338465774 1.34558027980208 0, 103.788519903971 1.34593394924909 0, 103.788662980729 1.34624412619815 0, 103.788784046165 1.34651553083308 0, 103.78921327864 1.34749037183937 0, 103.789405452795 1.34781183520173 0, 103.789630929311 1.34814429079368 0, 103.78995549093 1.34844356069193 0, 103.790346119204 1.34870408785736 0, 103.790835836399 1.34892035169541 0, 103.791391613775 1.34910895117828 0, 103.792122999129 1.34929662204044 0, 103.792711207116 1.34940720408596 0, 103.793364066587 1.34947224960825 0, 103.79402987474 1.34945923677636 0, 103.794779739364 1.34936165981205 0, 103.795519294215 1.34918086014127 0, 103.796327269882 1.34882958591386 0, 103.797016552741 1.34845746584247 0, 103.797727726855 1.34797609778121 0, 103.798296695364 1.34748172088045 0, 103.799758566419 1.34592539393347 0, 103.800868040677 1.34478122810546 0, 103.801776303754 1.34377499639431 0, 103.802628128599 1.34289806600326 0, 103.805108360779 1.3402358743234 0, 103.805559060317 1.33982461889126 0, 103.806617678653 1.33885864745132 0, 103.807593653041 1.33797872764498 0, 103.808066623578 1.33755230576794 0, 103.811336489432 1.33460644343616 0, 103.811760379146 1.33432236643281 0, 103.812277665552 1.33405467905308 0, 103.812811010309 1.33385341274691 0, 103.813348176072 1.33371066145035 0, 103.813825210927 1.33360756232199 0, 103.814516656582 1.33340316779421 0, 103.815169401024 1.33311118598304 0, 103.816572815404 1.33234214972801 0, 103.81856019285 1.33122235122044 0, 103.820067530647 1.33038886672277 0, 103.820685392715 1.33007823161354 0, 103.822745727062 1.32925258003326 0, 103.823268227218 1.32902020937132 0, 103.823612035947 1.32882168374028 0, 103.82384252944 1.32866987529051 0, 103.824371843748 1.32826219786413 0, 103.824786116747 1.32786705260804 0, 103.825386524381 1.32717952681524 0, 103.825997650628 1.32676731480897 0, 103.826398945585 1.3265921450719 0, 103.826781868419 1.32650178110635 0, 103.827125223196 1.32648536958828 0, 103.827576714359 1.3265323904112 0, 103.829093900744 1.32676711771111 0, 103.829667993574 1.32675010391829 0, 103.830004252554 1.32668056237575 0, 103.830331640168 1.32654336978179 0, 103.830942882195 1.32619525338244 0, 103.831608117276 1.32584803399805 0, 103.832115789706 1.32571185959971 0, 103.832672644403 1.32572474158183 0, 103.833273808607 1.32585570090105 0, 103.833320510964 1.32586587500365 0, 103.836664261878 1.32693220001629 0, 103.837688778272 1.32726255195184 0, 103.8385203681 1.32763239476226 0, 103.840521985039 1.3287662440618 0, 103.841493682365 1.32920359264074 0, 103.841938502011 1.32936415743497 0, 103.84227697918 1.32944687573949 0, 103.842557432864 1.32948093397551 0, 103.846572044351 1.32967504106954 0, 103.848018583104 1.32966216644238 0, 103.848907768996 1.3295893849342 0, 103.853431622007 1.32920930098976 0, 103.855209975975 1.32906444908955 0, 103.856299118799 1.32900068234579 0, 103.856939478193 1.32913335920597 0, 103.859064980767 1.32978519472708 0, 103.860098567822 1.33013275264389 0, 103.860938270108 1.33039320573131 0, 103.861499401975 1.33046883677652 0, 103.861835079234 1.33048396020175 0, 103.862326068405 1.33043352889098 0, 103.862797015929 1.33028729206521 0, 103.863126148694 1.33012834241706 0, 103.863702302324 1.32981288940995 0, 103.864627546098 1.32940322962355 0, 103.865317156985 1.32913776806125 0, 103.866145705077 1.3288765992817 0, 103.866911937719 1.32864687311776 0, 103.867515141673 1.32840894369416 0, 103.868093892119 1.32816281098141 0, 103.868786758603 1.32776900191894 0, 103.869145420383 1.32752287213012 0, 103.869593744062 1.32719469974184 0, 103.870139884286 1.32668603366495 0, 103.870653416653 1.32617736887022 0, 103.871289217867 1.3253815564385 0, 103.873074346188 1.32301873245032 0, 103.873416698293 1.32255929441142 0, 103.874556898949 1.32108888489915 0, 103.874983809058 1.32070078060024 0, 103.875231103806 1.32052299284443 0, 103.875465806364 1.32035425796728 0, 103.876023547013 1.32006317599617 0, 103.876464232879 1.31991070154939 0, 103.876953119891 1.31982059928348 0, 103.878770958096 1.31979977609971 0, 103.879252961665 1.31988293073001 0, 103.879755625153 1.32003538812669 0, 103.880316161317 1.3202614631946 0, 103.881594134929 1.32077689367413 0, 103.883170986413 1.32142831033323 0, 103.883816428157 1.32169247016735 0, 103.884424202586 1.32190647456392 0, 103.884950305819 1.32207418339609 0, 103.88550020898 1.32215098310528 0, 103.886174443153 1.32218830814836 0, 103.887572896027 1.32225405221053 0, 103.888590704146 1.32236197272731 0, 103.889497738204 1.32252457682231 0, 103.890750871145 1.32282874171382 0, 103.891344698763 1.32295338718144 0, 103.892926904781 1.32333986383093 0, 103.894296308358 1.32360016692915 0, 103.903125697164 1.32533847834529 0, 103.904109408339 1.32562670359389 0, 103.907587432661 1.32664575585266 0, 103.908516818631 1.32691806321113 0, 103.908926782073 1.32706762517909 0, 103.909514026573 1.32736116896524 0, 103.910992086032 1.32823055179973 0, 103.912218304282 1.32887873079907 0, 103.917484420187 1.33135281424639 0, 103.920066410438 1.33258350056737 0, 103.923082233168 1.33398830599501 0, 103.924423218079 1.33453970284777 0, 103.92555077529 1.33491043960236 0, 103.926008495392 1.33503026942265 0, 103.927515616599 1.33532608510647 0, 103.928914774284 1.3354472778431 0, 103.930281935775 1.33544167659885 0, 103.936297473809 1.335049960599 0, 103.937536882208 1.33495097164307 0, 103.93828821811 1.33493427478992 0, 103.938873016723 1.33500674062748 0, 103.939413320563 1.33520270263797 0, 103.939940689762 1.33548198766421 0, 103.944542336636 1.33935556725694 0, 103.946733695734 1.3413380671555 0, 103.947977620755 1.34237743988407 0, 103.949714543304 1.34376773434626 0, 103.954796282075 1.34810198596756 0, 103.955417893964 1.34865230712654 0, 103.955568342098 1.34878550034939 0, 103.956023849307 1.34914279356558 0, 103.956888508571 1.34963214701689 0, 103.957292787167 1.34982584795826 0, 103.957699113692 1.3500205299534 0, 103.958015632207 1.35015258218749 0, 103.958517417352 1.35029241315143 0, 103.959074255271 1.35040869426078 0, 103.960239565331 1.35055628130275 0, 103.961294862318 1.35048744074306 0, 103.962090038656 1.35037219722038 0, 103.962643046561 1.35022475394301 0, 103.963008104783 1.35010461157504 0, 103.963601624603 1.34986417397888 0, 103.964040989957 1.3496407773445 0, 103.964356911979 1.34948624274593 0, 103.965000536608 1.34907111102309 0, 103.965744134935 1.34844213456578 0, 103.96621278492 1.3479892758218 0, 103.966575202855 1.34754271268986 0, 103.966906371626 1.34703325738476 0, 103.967606199375 1.34593258213564 0, 103.968212298146 1.34495140981844 0, 103.969903684944 1.34225299588833 0, 103.970242658826 1.34178811128613 0, 103.970559794907 1.3414354248255 0, 103.971127281015 1.34088120701498 0, 103.971913241651 1.34035309825343 0, 103.972631840404 1.33996223817203 0, 103.975957926161 1.33853635463177 0, 103.976222731879 1.3384183199187 0, 103.976986664307 1.33809243892936 0, 103.977858416729 1.33773285391468 0, 103.978993380624 1.33724604993107 0, 103.980268087176 1.33669612618601 0, 103.980548247816 1.33666791221313 0, 103.98089845413 1.33671018714608 0, 103.981241665438 1.33692164587976 0)"
kml_224,PAN ISLAND EXPRESSWAY,"LINESTRING Z (103.966727255209 1.34702840721646 0, 103.966868867378 1.34683200002295 0, 103.966975088944 1.3466370236678 0)"
kml_225,SELETAR EXPRESSWAY,"LINESTRING Z (103.770225386033 1.42053118889385 0, 103.770500550709 1.42077753235406 0, 103.770588808223 1.42084843504539 0, 103.773202305081 1.42294803974413 0, 103.773760193092 1.42339622967109 0, 103.774658690181 1.4240235328659 0, 103.775497975245 1.42450190818729 0, 103.776770852279 1.42509279768085 0, 103.777624103087 1.4255007977482 0, 103.778365418001 1.42573992394114 0, 103.779162663285 1.42593681835583 0, 103.780631257255 1.426246178426 0, 103.782018119799 1.4264138852819 0, 103.783304744094 1.42644227915041 0, 103.784093435939 1.42640754067344 0, 103.784577389038 1.42638622524575 0, 103.785626280103 1.42624568485475 0, 103.787024799794 1.42609113706532 0, 103.788040917728 1.42583095573268 0, 103.788994996441 1.42553757988295 0, 103.790575736021 1.42476826965306 0, 103.792645463747 1.42367041624302 0, 103.792707216349 1.42363854394647 0, 103.794434055801 1.42272940626641 0, 103.795846893395 1.4219855807194 0, 103.798092301738 1.42073937778638 0, 103.799302141304 1.41992644900323 0, 103.800728564617 1.41882859921852 0, 103.80169542811 1.41804080064243 0, 103.802337507106 1.4175175951418 0, 103.803244235376 1.41677867231727 0, 103.803636988428 1.4164262721637 0, 103.80403893765 1.41606265342344 0, 103.804591116586 1.41552334663305 0, 103.805136259653 1.41495709409626 0, 103.805658992209 1.41419548228593 0, 103.806026480404 1.41348308399443 0, 103.80636521467 1.41267824393969 0, 103.807567822659 1.40948852919439 0, 103.808105630149 1.40809447082875 0, 103.808673940655 1.4069258054453 0, 103.809404604106 1.40574889106843 0, 103.810507797162 1.40437306708612 0, 103.811198063255 1.40346602836942 0, 103.811734056628 1.40264886821793 0, 103.812437785927 1.40135540444704 0, 103.813220520233 1.39955944030687 0, 103.813734762968 1.39806525537105 0, 103.813979519231 1.3974202677068 0, 103.814313485066 1.39683265088071 0, 103.814679719645 1.39635948424139 0, 103.815070253228 1.39591904666546 0, 103.815541998203 1.39552157597606 0, 103.816122971321 1.39517456860435 0, 103.816870903891 1.39483992130554 0, 103.817371519815 1.39469405356585 0, 103.820708185249 1.39367110524147 0, 103.821534766966 1.39345339384809 0, 103.822932166012 1.39312831775688 0, 103.82418321619 1.39293986164094 0, 103.825507197295 1.39282482499526 0, 103.827004604623 1.39281832895098 0, 103.827878790657 1.39287629365438 0, 103.828460233134 1.39294847856637 0, 103.82920949328 1.39307607131139 0, 103.830006349437 1.39321070526382 0, 103.830819297373 1.39341004530991 0, 103.832008718659 1.39371975300792 0, 103.83590884074 1.39473390586732 0, 103.837312803877 1.39509855797217 0, 103.840134032158 1.39580513836327 0, 103.841331774737 1.39606312341616 0, 103.842340346381 1.39625072736033 0, 103.843489200812 1.39640550998567 0, 103.844565618701 1.39649183203438 0, 103.845644393376 1.396527013595 0, 103.848395267988 1.39641401618035 0, 103.849987997849 1.39638918238391 0, 103.850697707789 1.39644735585964 0, 103.851201103128 1.39654704644207 0, 103.851935562822 1.39672980092306 0, 103.853346700106 1.39729463332184 0, 103.853975918247 1.39756093772392 0, 103.854386001366 1.39761973490505 0, 103.854737583775 1.39763150923989 0, 103.855112456118 1.39760183268455 0, 103.855388160853 1.39754763427383 0, 103.855573009247 1.39750042562315 0, 103.855929504569 1.39736472961534 0, 103.856267127407 1.39718227269383 0, 103.856637963694 1.39692588182674 0, 103.856920258264 1.39666764418172 0, 103.857322152618 1.39620332875654 0, 103.857529604242 1.39576450116631 0, 103.857650935563 1.39538081443279 0, 103.857737612399 1.39492736270131 0, 103.857789641681 1.39429078213637 0, 103.857819588328 1.39356470141293 0, 103.858023290224 1.39108702398994 0)"
kml_226,SELETAR EXPRESSWAY,"LINESTRING Z (103.858191170624 1.39107967697165 0, 103.858012572634 1.39348276762335 0, 103.857980291994 1.3939070973707 0, 103.857910792048 1.39492489197391 0, 103.857825205767 1.39534411171335 0, 103.857711090392 1.39567144836332 0, 103.857572911379 1.39603483411073 0, 103.857390928818 1.39635747598963 0, 103.857061639206 1.39676731541963 0, 103.85678525842 1.39704797401441 0, 103.856414421231 1.39730436490468 0, 103.856076799287 1.39748682094305 0, 103.855839843778 1.39760440412583 0, 103.855555747818 1.39772418262561 0, 103.855428562217 1.3977694535822 0, 103.855312234106 1.39780848070058 0, 103.855191252994 1.39783189672534 0, 103.855071435428 1.39784286868427 0, 103.854753962284 1.39783843119261 0, 103.854433507305 1.397795433412 0, 103.854023424154 1.39773663623979 0, 103.853619010631 1.39762685904189 0, 103.85197680783 1.39697896192873 0)"
kml_227,SELETAR EXPRESSWAY,"LINESTRING Z (103.86069392831 1.40093610506116 0, 103.859484253913 1.40087869184962 0, 103.859107656684 1.4008212689371 0, 103.85871968742 1.40071752275647 0, 103.857451202739 1.4003049183674 0, 103.856582002406 1.39989987523815 0, 103.855890069229 1.39950551603447 0, 103.854114122135 1.3982165624235 0, 103.852785522312 1.39742749004458 0, 103.85197680783 1.39697896192873 0)"
kml_228,SELETAR EXPRESSWAY,"LINESTRING Z (103.85197680783 1.39697896192873 0, 103.851308371902 1.39676298966389 0, 103.850639927836 1.39664668083623 0, 103.849789926017 1.39658019542208 0, 103.848684091816 1.39660505397105 0, 103.845630514142 1.39674578656943 0, 103.844551739368 1.39671060500332 0, 103.843475321379 1.39662428294914 0, 103.842326465944 1.396469500318 0, 103.841065970786 1.39623800661878 0, 103.839786465269 1.39591831780063 0, 103.83727977595 1.39526305462144 0, 103.835757143561 1.3948822416371 0, 103.831863725578 1.39390742113398 0, 103.830381548058 1.39353589972526 0, 103.829117595306 1.39323930615588 0, 103.828368334215 1.39311171428585 0, 103.827786791959 1.3930394606191 0, 103.826912605867 1.39298149497683 0, 103.825686153284 1.39298311281787 0, 103.824589705922 1.39306579137292 0, 103.823442919776 1.39322281426115 0, 103.822276662617 1.39347648407608 0, 103.821303639357 1.39371981561836 0, 103.820781201061 1.39384948964072 0, 103.817558941198 1.39480980710679 0, 103.816912294904 1.39500783577557 0, 103.816248634772 1.39533309188323 0, 103.81565530985 1.3956669126599 0, 103.815061674326 1.39617231555667 0, 103.814606006324 1.39671066991095 0, 103.814239577623 1.39729005228098 0, 103.813984740436 1.39780437104657 0, 103.81334774158 1.39964457461107 0, 103.81305597412 1.4003573411507 0, 103.812626668404 1.40129811015448 0, 103.811967694853 1.40250119768726 0, 103.811595931331 1.40319638606021 0, 103.811108675397 1.4038909700536 0, 103.810621425938 1.40453652022717 0, 103.809972868421 1.40530740628015 0, 103.809615662416 1.40576513108958 0, 103.809217860413 1.40636177385664 0, 103.808852532013 1.40688486587879 0, 103.808570008561 1.40744078080382 0, 103.808271212031 1.40812493431537 0, 103.807074471684 1.41139587862017 0, 103.806168635772 1.41357435316727 0, 103.805347514164 1.41501353892137 0, 103.804621522859 1.41582631793539 0, 103.803368499388 1.41691306058983 0, 103.802096208032 1.41800617803019 0, 103.800900304897 1.41894382573024 0, 103.79906117582 1.42034008602011 0, 103.798004105403 1.42102028988987 0, 103.797990384723 1.42102787638591 0, 103.796773741318 1.42170049502057 0, 103.795726180401 1.42226390842533 0, 103.79453059108 1.42290693358606 0, 103.792058012661 1.42423675893987 0, 103.791228430933 1.42468293062364 0, 103.789037424601 1.4257112926706 0, 103.787911443881 1.42603013471989 0, 103.787248550141 1.42621784472717 0, 103.785663965398 1.42649967613936 0, 103.784516615938 1.4266210455545 0, 103.784165184852 1.42662049811995 0, 103.782494846876 1.42661789229727 0, 103.781283140597 1.42651784967156 0, 103.780291922031 1.42637021488303 0, 103.779166450758 1.42613283379632 0, 103.778466407666 1.42594255532373 0, 103.777733380091 1.42571557225011 0, 103.776640238372 1.42528152605063 0, 103.775259802335 1.42463166835934 0, 103.774387593153 1.42403806445209 0, 103.772744569722 1.42280593592873 0, 103.77063342814 1.42109753591367 0, 103.770180930224 1.42069344763839 0, 103.768734491072 1.41946519609591 0)"
kml_229,SIME UNDERPASS,"LINESTRING Z (103.820412918928 1.33271257268608 0, 103.820448951578 1.3329569584015 0, 103.82044181921 1.33305745587339 0, 103.820427553087 1.33317948894029 0, 103.820299170445 1.33360301392875 0, 103.820242110189 1.33378965275903 0, 103.820177919299 1.33391527497866 0, 103.820110161284 1.33401218179456 0, 103.820042404297 1.33408396626617 0, 103.819971080952 1.33415216129352 0, 103.819874793846 1.33422753321832 0, 103.81951104379 1.3344967216206 0, 103.81905807276 1.33484076369921 0, 103.818890529631 1.33497767084191 0, 103.818737185261 1.3351535416985 0, 103.818662294086 1.33530428796242 0, 103.818612366632 1.33545503437433 0, 103.818594534712 1.33561295892001 0, 103.818605232813 1.33578524132854 0, 103.818644460406 1.33591086322167 0, 103.818680809127 1.33601879844006 0, 103.81891905011 1.33662870509191 0)"
kml_230,TAMPINES EXPRESSWAY,"LINESTRING Z (103.848395267988 1.39641401618035 0, 103.849666158882 1.39628119725836 0, 103.850687416865 1.39627271329147 0, 103.851797133566 1.39635301140715 0, 103.85187877682 1.39635891897071 0, 103.852358323089 1.39647388510554 0, 103.852857599363 1.39667726883878 0, 103.853261775658 1.39691654477226 0, 103.853668448062 1.39723370715491 0, 103.854537470031 1.39815379394344 0, 103.854744724345 1.39837529430924 0, 103.854955908601 1.39854313598982 0, 103.855737520802 1.39914303666104 0, 103.856661243055 1.39973101883839 0, 103.857115209214 1.4000051450594 0, 103.857636281848 1.40021967742647 0, 103.858500788725 1.40049777101966 0, 103.859112654292 1.40062887087579 0, 103.859566207074 1.4006982694145 0, 103.860293110427 1.40077889239435 0, 103.863331559898 1.40083983287913 0, 103.871308759335 1.40101423064167 0, 103.875986402883 1.40111648112942 0, 103.882388885786 1.40124534171722 0, 103.882874068979 1.40125510580598 0, 103.882931677955 1.40125481608731 0, 103.883414284655 1.40125238206064 0, 103.883787224839 1.4012505001664 0, 103.884911461241 1.40120895709792 0, 103.885865915739 1.40115817563287 0, 103.887203409086 1.40104891874167 0, 103.888905075071 1.40086801416429 0, 103.891144074311 1.40056812514319 0, 103.892637311245 1.40033008443341 0, 103.895162319237 1.40001383973129 0, 103.89552571943 1.39996371204249 0, 103.895876514436 1.39988449578356 0, 103.896599921787 1.39972113645018 0, 103.897601326293 1.39947958702446 0, 103.898741803345 1.39911946761154 0, 103.900814059598 1.39828662639148 0, 103.901891966641 1.39774637709219 0, 103.902428673082 1.39746124080226 0, 103.903526100447 1.39684175711798 0, 103.905216659791 1.39562910363522 0, 103.90611261114 1.3948802729963 0, 103.907525966855 1.3935764378043 0, 103.912809087445 1.38748808915702 0, 103.915807921695 1.38398443209905 0, 103.918398255849 1.38131682224121 0, 103.919162573446 1.38063578831018 0, 103.919983636301 1.38002663538261 0, 103.920694618301 1.37959383798227 0, 103.922632542131 1.37868650489735 0, 103.923442850813 1.37840510330384 0, 103.924194835399 1.37818810066623 0, 103.927767090419 1.37733599844881 0, 103.9285309104 1.37712450429328 0, 103.929114602898 1.37689950691137 0, 103.92941967857 1.37678190928658 0, 103.930440822872 1.376344157806 0, 103.931395786611 1.37589689836835 0, 103.932360204345 1.37544012156462 0, 103.933712276791 1.37483108215482 0, 103.935061138114 1.37418427868137 0, 103.935518196599 1.3739651111418 0, 103.938262175653 1.372485104936 0, 103.939744202794 1.3717071171024 0, 103.939881746932 1.37162822609859 0, 103.94054033871 1.37123709672022 0, 103.941050862666 1.37087548866249 0, 103.942903865756 1.36917215281796 0, 103.943858730664 1.36837281676577 0, 103.944469022327 1.36797067261108 0, 103.944937934981 1.36772548163395 0, 103.94556090168 1.36742430057369 0, 103.946115969877 1.36716436240964 0, 103.947934330693 1.36672146009914 0, 103.95196343877 1.36577787131028 0, 103.95397364319 1.36528670731565 0, 103.955246582924 1.3648340844519 0, 103.956098404792 1.36443921709728 0, 103.957083965153 1.36389984174369 0, 103.957696630342 1.36350494282341 0, 103.959142158254 1.36232021794609 0, 103.959763285219 1.36174995325405 0, 103.960035805884 1.36147898834509 0, 103.960521805012 1.36095384021357 0, 103.961035453707 1.36027570320971 0, 103.961488611188 1.35958839369333 0, 103.96186456527 1.35896285527264 0, 103.962227426338 1.35825522313957 0, 103.962278995873 1.35815465440459 0, 103.962557909614 1.35753714280556 0, 103.963372897671 1.35502797437459 0, 103.963544814849 1.35461839669158 0, 103.963736225773 1.35401431318173 0, 103.964007163884 1.35315924317993 0, 103.964494503221 1.35159945718052 0, 103.965081799924 1.34954280826986 0, 103.965275492347 1.34905222833018 0, 103.965512932135 1.34863082787684 0, 103.965725381262 1.34832892755445 0, 103.966456464159 1.34740435274084 0, 103.966727255209 1.34702840721646 0)"
kml_231,TAMPINES EXPRESSWAY,"LINESTRING Z (103.96760621176 1.34615899910175 0, 103.967499994178 1.34644202506372 0, 103.967312070432 1.34678828762851 0, 103.966924403293 1.34745069902997 0, 103.966618576205 1.34787098014004 0, 103.966322110656 1.348249735116 0, 103.966133531252 1.34849065756447 0, 103.965712542984 1.34898394229318 0, 103.965326771796 1.34960998267309 0, 103.965058796712 1.35017615776935 0, 103.963797211912 1.35431358860359 0, 103.963528176449 1.35519590511021 0, 103.962750156397 1.35758821444579 0, 103.962412040683 1.35821990602498 0, 103.962226464214 1.35858190318943 0, 103.961959195087 1.35910325512931 0, 103.961493985745 1.35986563103062 0, 103.96116944132 1.36034314610907 0, 103.960655783668 1.36102129127881 0, 103.959965137667 1.36186414544148 0, 103.959323255817 1.36247194863539 0, 103.958481669977 1.3631467618072 0, 103.957735175368 1.3636827872617 0, 103.957036226257 1.36416616803221 0, 103.955744264662 1.36481486392564 0, 103.953964061911 1.36546972992968 0, 103.95044528772 1.36630301000733 0, 103.947809934977 1.3669524972247 0, 103.946789454353 1.36716363773851 0, 103.945828883322 1.367501297136 0, 103.944650784603 1.36806700135737 0, 103.944104221593 1.36845809671244 0, 103.943149579834 1.36922333385561 0, 103.942450814331 1.3698589185643 0, 103.941183981658 1.37104651479609 0, 103.939992776024 1.3717714441378 0, 103.938129798119 1.37278953374615 0, 103.937045179752 1.37332275383106 0, 103.935269895101 1.37433678870609 0, 103.933438406335 1.37516565100855 0, 103.932459458395 1.37560661785996 0, 103.931495037921 1.37606339380263 0, 103.930644027011 1.37646196716057 0, 103.929970581891 1.37675478764585 0, 103.929173415401 1.37708159078015 0, 103.928630163374 1.37729099895194 0, 103.927355471065 1.37761821768339 0, 103.923999783377 1.37843045665198 0, 103.92348350699 1.37857944035125 0, 103.922854850446 1.37879775757699 0, 103.921480574934 1.37939935898204 0, 103.920451986952 1.37995132269989 0, 103.919810368321 1.38035792171465 0, 103.919292518418 1.38074914008483 0, 103.91851953802 1.38146504661446 0, 103.91663093495 1.38338293378852 0, 103.91537475028 1.38479520796017 0, 103.913453150676 1.38705537831031 0, 103.913127767319 1.38743018735679 0, 103.908228241317 1.39307390957307 0, 103.906980361943 1.39436670220001 0, 103.90625404467 1.39502241823202 0, 103.904988535825 1.39602069636464 0, 103.903325682578 1.39716169886919 0, 103.90208225236 1.39785881732902 0, 103.90077917821 1.39852822266655 0, 103.898994359352 1.39921604562653 0, 103.897420608021 1.39970533559715 0, 103.896015964269 1.40005080539093 0, 103.895438526749 1.40014378671063 0, 103.894387099813 1.40029424633135 0, 103.892953303104 1.40048543788814 0, 103.89117617201 1.40072974316304 0, 103.888992228043 1.40103887440584 0, 103.887372627017 1.40123262815517 0, 103.885564320996 1.40135458126764 0, 103.882921184324 1.40142607023953 0, 103.881320783233 1.40139679878064 0, 103.875991579327 1.40129931807169 0, 103.874877781217 1.4012789430024 0, 103.870394849215 1.40117354996563 0, 103.868920388867 1.40113888428544 0, 103.86069392831 1.40093610506116 0)"
kml_263,ADAM UNDERPASS,"LINESTRING Z (103.817926984784 1.33440965621261 0, 103.817852095716 1.33436299505212 0, 103.817570370577 1.3341548202963 0, 103.81722894492 1.33401280299785 0)"
kml_264,AYER RAJAH EXPRESSWAY,"LINESTRING Z (103.636837171606 1.34742114723194 0, 103.637035076743 1.34746849020819 0, 103.637200990634 1.34748134826851 0, 103.637320160105 1.34744549103728 0, 103.637518191938 1.34735800760292 0, 103.637721058013 1.34723649712317 0, 103.637856303045 1.34713928581807 0, 103.639541044196 1.34555460669249 0, 103.641700534065 1.34355692456466 0, 103.642061404705 1.34316509318089 0, 103.643982869148 1.34132498334835 0, 103.64653705899 1.33901658213868 0, 103.649865943065 1.33583297832316 0, 103.655246876557 1.33065972478556 0, 103.659623852741 1.32656214124926 0, 103.660923828403 1.32529365190473 0, 103.662238530859 1.32403846223574 0, 103.66306966356 1.32311039079363 0, 103.663396763212 1.32276904525693 0, 103.663591535671 1.32259349333006 0, 103.663918707634 1.32232332903324 0, 103.664308921151 1.32208817137862 0, 103.664781076662 1.32189604421125 0, 103.665202985291 1.32179695144014 0, 103.665678440092 1.32172655397974 0, 103.666230154895 1.32173421877603 0, 103.667295968331 1.32180776369762 0, 103.674648857383 1.32232849658077 0, 103.678291592752 1.32260259866482 0, 103.680445494714 1.32264840608886 0, 103.683672570316 1.32264866100464 0, 103.69221466503 1.3226402548011 0, 103.695877234159 1.3226501066724 0, 103.697070365297 1.32257093267834 0, 103.700295976973 1.32226256391118 0, 103.704743806018 1.3218258824123 0, 103.706698304704 1.32166075194491 0, 103.708671366336 1.3214615507938 0, 103.709852560127 1.32139525075366 0, 103.710728129677 1.32146195315086 0, 103.711488059059 1.32162842966948 0, 103.713933049134 1.32218609959765 0, 103.715832873159 1.32259397067826 0, 103.718905635357 1.3233180874376 0, 103.721284547385 1.32385078959336 0, 103.722597905783 1.32413379609247 0, 103.724357311847 1.32452499978304 0, 103.726398362165 1.32498920384231 0, 103.730987191628 1.32605182302857 0, 103.734971799084 1.32699362308832 0, 103.735661195332 1.32717502696426 0, 103.736350592277 1.32727225703978 0, 103.736880836324 1.32728365208405 0, 103.737502780619 1.32722100674815 0, 103.738010218609 1.32711199734048 0, 103.73854672084 1.32694086099135 0, 103.739082572595 1.32667097977044 0, 103.739600182893 1.32634851080599 0, 103.742397998951 1.32440801190522 0, 103.743062648079 1.32402002914394 0, 103.743754585323 1.32372724319706 0, 103.744128709754 1.32361359726462 0, 103.74747988218 1.32288906238428 0, 103.74929866836 1.32249583175317 0, 103.750326249074 1.32227475324478 0, 103.751387896285 1.32197593632329 0, 103.753209305878 1.32136301295923 0, 103.753965522361 1.32111382728789 0, 103.754236369608 1.32098718616183 0, 103.754688725345 1.32068284873147 0, 103.755023721603 1.32039342859206 0, 103.755434858367 1.31995842360302 0, 103.756799456223 1.31830035309945 0, 103.759398175393 1.31531572639459 0, 103.760389996407 1.31426178378082 0, 103.761303107245 1.31336632098788 0, 103.762172516885 1.31245779031463 0, 103.762891484259 1.3117552872534 0, 103.764405858664 1.31023409256541 0, 103.765145868126 1.30935591391711 0, 103.765824119837 1.30848034605197 0, 103.766670046584 1.30725141212076 0, 103.767108883891 1.3067885973677 0, 103.767584589879 1.30637285927046 0, 103.768393491212 1.30574443506072 0, 103.769371741633 1.30502626580208 0, 103.770263488906 1.30450774410722 0, 103.77174860427 1.30383378739068 0, 103.772954538126 1.30323223367124 0, 103.774674310744 1.30225076255816 0, 103.776193756878 1.30138773927907 0, 103.778364451964 1.30011034419825 0, 103.779183474332 1.29957019238851 0, 103.77998044112 1.29909528610111 0, 103.78246459915 1.29769310609732 0, 103.782987508936 1.29735485808689 0, 103.78348831258 1.29697245935374 0, 103.785037789153 1.29525898924817 0, 103.78642335566 1.29366296034512 0, 103.786774098613 1.29329088142639 0, 103.787633692083 1.29252423927127 0, 103.790288067988 1.29082412931808 0, 103.791522991024 1.29005979282422 0, 103.792594674832 1.28927402415482 0, 103.79357592829 1.28846626305582 0, 103.794463110901 1.2878520142561 0, 103.795208330634 1.28743771712684 0, 103.796230342131 1.28688055863137 0, 103.797618226766 1.28595318510025 0, 103.799268645289 1.28485401304436 0, 103.799731540611 1.28457106880339 0, 103.800374295742 1.28427345620985 0, 103.800672748622 1.28417571541672 0, 103.801109096765 1.28407344276024 0, 103.801696281155 1.28402031780585 0, 103.810653127099 1.28345749799159 0, 103.811716286974 1.28331666237831 0, 103.812579855649 1.28311534529632 0, 103.812843396877 1.28303601926119 0, 103.813589152268 1.28275357211696 0, 103.814419489769 1.2823327150496 0, 103.818219655748 1.2799956815822 0, 103.818984017695 1.27951787926581 0, 103.81949895591 1.27924253374146 0, 103.819991313415 1.27903485890775 0, 103.820880976118 1.27886501282037 0, 103.821479196773 1.27878008585543 0, 103.822468560432 1.27874918539831 0, 103.823212502352 1.27863337729289 0, 103.824099229789 1.27829675884136 0, 103.825083394937 1.27778533659887 0, 103.826470710842 1.27692110784701 0, 103.8271992924 1.2764579464192 0, 103.827690140428 1.27611058187069 0, 103.828629262602 1.27537977728959 0, 103.829424161928 1.27470280898857 0, 103.830288993949 1.27397429714184 0, 103.830875351151 1.27341981170099 0, 103.831461138401 1.27290679487511 0, 103.831735013061 1.27269622904547 0, 103.832024538336 1.27254457714764 0, 103.832421256152 1.27238564421464 0, 103.832822204208 1.27230524808622 0, 103.839090210871 1.27245873140499 0, 103.840872028195 1.27249689279559 0, 103.844619111848 1.27264015667658 0, 103.845450538146 1.2725947347673 0, 103.846146634084 1.27252581877095 0, 103.846985373127 1.2724109600896 0, 103.847447536388 1.27237650128132 0, 103.847858346835 1.27239372713934 0, 103.848229218717 1.27248560939633 0, 103.848657147961 1.27263491662537 0, 103.849495890173 1.27304264622453 0)"
kml_265,AYER RAJAH EXPRESSWAY,"LINESTRING Z (103.848906694158 1.27300955373324 0, 103.848672496083 1.27282740609438 0, 103.848287327961 1.27265271490351 0, 103.847845672858 1.2725302817997 0, 103.847080008424 1.27253490461209 0, 103.846026803387 1.27266447660518 0, 103.84538302903 1.27271208638936 0, 103.844640816328 1.27272205316037 0, 103.837607643762 1.27251301429279 0, 103.834785680973 1.27241714028531 0, 103.833111990829 1.27238995004909 0, 103.832739218151 1.27243589173175 0, 103.832347426134 1.27255074596581 0, 103.83195563315 1.27273068457557 0, 103.831636112899 1.27294125220765 0, 103.831156832812 1.27333175664949 0, 103.830190665108 1.27418933692938 0, 103.829522936015 1.2748353628171 0, 103.828386054041 1.27580820255384 0, 103.825937277317 1.27786721770536 0, 103.8247761002 1.27844904631002 0, 103.824213898943 1.27866211636085 0, 103.824063178108 1.27870435327789 0, 103.823825135649 1.27873110622982 0, 103.823192437935 1.2788812889655 0, 103.822788783169 1.27893770613532 0, 103.821540548107 1.27895762835059 0, 103.820911649578 1.27903483732988 0, 103.820078255958 1.27920202760048 0, 103.819346079996 1.27950167415426 0, 103.818670222772 1.2798984948301 0, 103.815061866968 1.28218398970486 0, 103.814418203335 1.28254029391063 0, 103.813727200326 1.28285392241567 0, 103.812981445819 1.28313636959997 0, 103.812717903686 1.28321569564924 0, 103.811854334987 1.28341701187321 0, 103.810791175975 1.28355784844792 0, 103.801833866033 1.28412248017845 0, 103.801247171348 1.28417378558836 0, 103.800810824092 1.28427605736383 0, 103.800512370307 1.28437379907729 0, 103.799869345603 1.28467146777237 0, 103.799406693781 1.28495436411009 0, 103.797905310392 1.28600910418861 0, 103.796542621285 1.28690913658616 0, 103.795946445223 1.28728057757652 0, 103.794882057984 1.28786112579444 0, 103.794846364067 1.28788059441523 0, 103.794086978175 1.28838491438394 0, 103.79281108338 1.2893663578349 0, 103.791991411628 1.28998836295495 0, 103.790451307108 1.29097414357365 0, 103.788265351329 1.29235280390727 0, 103.787668794311 1.29278790016114 0, 103.786951617381 1.29338740843014 0, 103.786601374919 1.29375988078161 0, 103.784132629562 1.29659424239294 0, 103.783488294262 1.29726573842346 0, 103.782747010057 1.29776475193203 0, 103.779704917596 1.29948774815877 0, 103.779296168842 1.29974107537508 0, 103.778467761356 1.30027125911008 0, 103.775365854567 1.30209491327518 0, 103.773784637577 1.30301943764902 0, 103.77102291663 1.30436371420284 0, 103.770390364163 1.30463013400979 0, 103.769592013169 1.30509308495195 0, 103.768740782091 1.30571035405649 0, 103.76748171268 1.30671390675208 0, 103.767205408283 1.30696814334085 0, 103.766982876816 1.30720938470899 0, 103.766620238186 1.30763123468165 0, 103.765189455432 1.30963485264815 0, 103.765103648776 1.30972841761639 0, 103.763589334274 1.31131885360021 0, 103.76143243726 1.31349021988875 0, 103.760366407957 1.31453118587659 0, 103.759374587719 1.31558512666337 0, 103.759043986713 1.31598926526106 0, 103.755257573438 1.32041489564255 0, 103.754860618401 1.32082137198441 0, 103.754279424646 1.321184996318 0, 103.751459300898 1.32213177141391 0, 103.749347454109 1.32271670524755 0, 103.747737119865 1.32304137610906 0, 103.744186075391 1.32375732260131 0, 103.743811908713 1.32387083017188 0, 103.742760989298 1.32440085367787 0, 103.739373137772 1.32674270962085 0, 103.738963636177 1.32696365523168 0, 103.738469121012 1.32717298636773 0, 103.737911914107 1.32732453066866 0, 103.737369049387 1.32741829562527 0, 103.736742586847 1.32746469566761 0, 103.736001729692 1.32741279486951 0, 103.735202896869 1.32725066502749 0, 103.733663213595 1.32685508523698 0, 103.728942660762 1.32578641506806 0, 103.727512680562 1.32540713193898 0, 103.725753273208 1.32501593041335 0, 103.722843028311 1.32437156140136 0, 103.721565391745 1.32406706807455 0, 103.720012490761 1.32371748531016 0, 103.718789993242 1.32344280907317 0, 103.717724438703 1.3232097466361 0, 103.714643418849 1.32253552626056 0, 103.713453963239 1.32224422236165 0, 103.711768903228 1.32186134220902 0, 103.710736390067 1.32164491515157 0, 103.709745178712 1.32156155764954 0, 103.708588764657 1.32163617811355 0, 103.706777458936 1.32182015440444 0, 103.70412275023 1.32208936035564 0, 103.69998985144 1.32248441365234 0, 103.69712837711 1.32272669868357 0, 103.695935245896 1.32280587360236 0, 103.690002460332 1.32284228374118 0, 103.683557740254 1.32282623898561 0, 103.680262814587 1.32281698942561 0, 103.678244118309 1.32275483043614 0, 103.675835386939 1.32259479485462 0, 103.674920923709 1.32255669071905 0, 103.667303095664 1.32198299584379 0, 103.666388462627 1.32190188803118 0, 103.665728122944 1.32188309858326 0, 103.665399105156 1.32191900556217 0, 103.664977206394 1.32201809836572 0, 103.664506626957 1.32218313736141 0, 103.663952137128 1.32251072390242 0, 103.663528694266 1.32287808768148 0, 103.663077634012 1.32336927090173 0, 103.662423801809 1.32410532090772 0, 103.661311947381 1.32519948177329 0, 103.659466284331 1.32695427978323 0, 103.656118116663 1.33008117191642 0, 103.653011080074 1.33306805307337 0, 103.646635936791 1.3391116343043 0, 103.644167860223 1.34145133496423 0, 103.642261303557 1.34328198561589 0, 103.641034028075 1.34435702460956 0, 103.63963802396 1.34565221741731 0, 103.637455376693 1.34769341666567 0, 103.637322208259 1.3478345980502 0, 103.637213852664 1.34805311770647 0)"
kml_266,BUKIT TIMAH EXPRESSWAY,"LINESTRING Z (103.76842539978 1.43676811989685 0, 103.768473395377 1.43543557376005 0, 103.768488010596 1.4347806913236 0, 103.768526353608 1.43359932637759 0, 103.768662361584 1.43240077405621 0, 103.768818775997 1.43150749642562 0, 103.769008904308 1.43075309916881 0, 103.769264075224 1.42993738878899 0, 103.769367834093 1.42960660365661 0, 103.769717711126 1.42849119710439 0, 103.770128701901 1.42750811407798 0, 103.770568103734 1.42626854163934 0, 103.770894238854 1.4249861724274 0, 103.77104867842 1.4237602913423 0, 103.771144501593 1.42291433619992 0, 103.771165409654 1.42188580704658 0, 103.77116820909 1.42079816368189 0, 103.771264703281 1.41678245557494 0, 103.771339875333 1.41276127172098 0, 103.771472743079 1.41095519006207 0, 103.771577328744 1.40985638132181 0, 103.771791590594 1.40867128473522 0, 103.772378928642 1.40628934703013 0, 103.772990919969 1.4040766486875 0, 103.773328452377 1.40254263078863 0, 103.773640648921 1.40071962368224 0, 103.773747509612 1.399419373183 0, 103.773784836392 1.39853928368221 0, 103.7738300873 1.39710415026776 0, 103.773809271304 1.39533321861559 0, 103.773991361199 1.39296638157871 0, 103.774091302129 1.39234963524651 0, 103.774327004567 1.39061594987082 0, 103.77484114372 1.38637691992047 0, 103.77528896883 1.38298060124607 0, 103.775548029638 1.38138665567907 0, 103.775886780266 1.37982159012865 0, 103.776440432635 1.37770990778124 0, 103.776895573206 1.37622255133719 0, 103.777289506854 1.37473991409803 0, 103.777585935618 1.37362355719375 0, 103.777987536368 1.37239236837003 0, 103.77883571171 1.36897895788385 0, 103.779196118311 1.36748676657964 0, 103.7791990274 1.36746798843365 0, 103.779556386606 1.36516110615889 0, 103.779777498007 1.36370654936155 0, 103.779783218222 1.36366891981058 0, 103.780050182944 1.36255313600671 0, 103.780237061878 1.3618003186632 0, 103.780714061584 1.36060232728287 0, 103.78125321136 1.35947257410307 0, 103.781960957277 1.3583160660623 0, 103.782909058164 1.35710564736001 0, 103.783950625618 1.3560430475567 0, 103.785232546234 1.35499375436505 0, 103.78810575714 1.35313057397784 0, 103.788840700712 1.35263351656515 0, 103.78948215906 1.35209608278575 0, 103.789896471646 1.35167953110456 0, 103.790488920726 1.35090008830217 0, 103.790786959054 1.35047405755444 0, 103.790902940348 1.35030826793487 0, 103.792019770943 1.34852253787395 0, 103.792265483313 1.34822330964401 0, 103.792440058897 1.34804767693034 0, 103.792581845823 1.34793243438084 0, 103.792698349672 1.34788490657373 0, 103.792899072641 1.34780699443576 0, 103.793105926213 1.34780048826902 0, 103.79333862528 1.34783951725082 0, 103.793513132631 1.34793058418035 0, 103.793674698961 1.34807369162101 0)"
kml_267,BUKIT TIMAH EXPRESSWAY,"LINESTRING Z (103.793550354056 1.34813423586079 0, 103.79335151361 1.34798912915153 0, 103.793151141411 1.34793709142812 0, 103.792944286929 1.347943596694 0, 103.792743563051 1.34802151064406 0, 103.792627060095 1.34806903664438 0, 103.792485273163 1.34818428010061 0, 103.792310697572 1.34835991462587 0, 103.792161977187 1.34853554776898 0, 103.790845834077 1.35066492826883 0, 103.790484441554 1.35124961954978 0, 103.790070073324 1.35177372194189 0, 103.789655760751 1.35219027274867 0, 103.789014302413 1.35272770657424 0, 103.788279359744 1.35322476403971 0, 103.78540613268 1.35508775562086 0, 103.784124212983 1.35613705071385 0, 103.78308264556 1.35719964968846 0, 103.78213454382 1.35841006755582 0, 103.781426797955 1.35956657655336 0, 103.780905995174 1.36069609142283 0, 103.780397386091 1.3620019555824 0, 103.780143731982 1.3628354352937 0, 103.779996907753 1.363494150827 0, 103.779983438071 1.3635827619143 0, 103.779770078085 1.36498633629933 0, 103.779409792659 1.36720445342656 0, 103.779342538154 1.36753563358404 0, 103.779049432904 1.36897894829239 0, 103.778715703389 1.37024260830985 0, 103.778347735917 1.3716745198352 0, 103.777923115696 1.3730702128894 0, 103.777885867373 1.37321981459925 0, 103.777142553698 1.37596213298698 0, 103.775962972622 1.38028826538042 0, 103.775702535757 1.38154103163189 0, 103.775471044448 1.38293945717016 0, 103.775311695973 1.38414815525909 0, 103.775108942427 1.38576510462744 0, 103.774494667615 1.39061056588358 0, 103.774169622175 1.39310804108543 0, 103.77405724234 1.39422212016742 0, 103.774010514722 1.39525123774372 0, 103.774010676171 1.39619539244373 0, 103.773984736251 1.39869019902306 0, 103.773896586694 1.39982012128703 0, 103.773828435363 1.40047105331073 0, 103.773646362554 1.40176680809155 0, 103.77343892789 1.40288727934567 0, 103.773185023067 1.40399729129966 0, 103.772578786716 1.40633962312684 0, 103.772017161567 1.40869800018946 0, 103.771821806648 1.40989474098378 0, 103.77165883891 1.41103498702041 0, 103.771533202369 1.41266545417188 0, 103.771448805136 1.41772581193186 0, 103.771409556654 1.42008962411584 0, 103.771373827588 1.42094324268849 0, 103.771356722894 1.42182136095953 0, 103.771310501437 1.42302571213825 0, 103.771247266242 1.42388490986051 0, 103.771072744566 1.42499536200302 0, 103.770756760886 1.42621273854885 0, 103.770283812995 1.42764814093092 0, 103.769944108851 1.42861742809545 0, 103.769540516215 1.4297842001128 0, 103.769256622652 1.43060492532148 0, 103.769042684094 1.43149971889909 0, 103.768842958607 1.43241963515063 0, 103.768708380649 1.43360882465508 0, 103.768669953575 1.43477900172873 0, 103.768655696645 1.43544467504062 0, 103.768620138115 1.43679484396156 0)"
kml_268,CENTRAL EXPRESSWAY,"LINESTRING Z (103.858023290224 1.39108702398994 0, 103.85806849342 1.38972651361781 0, 103.858085222392 1.38922298885923 0, 103.858110912759 1.38844975731936 0, 103.858214438911 1.38605718330634 0, 103.858304105844 1.38320377981272 0, 103.858167591985 1.3794333109102 0, 103.858182006774 1.3789873253966 0, 103.858202740996 1.37834583075852 0, 103.858287670731 1.37741190477407 0, 103.858432839399 1.37652315203685 0, 103.858679623949 1.37546604086666 0, 103.859023931882 1.37438802513865 0, 103.859845783874 1.37243991711851 0, 103.860128559831 1.3718011289768 0, 103.860546788671 1.37082443624226 0, 103.860667524307 1.37035705673819 0, 103.860769682431 1.36985228921722 0, 103.8608254022 1.36932882540175 0, 103.860834682152 1.36865580108279 0, 103.860751018695 1.36807398838597 0, 103.860543980027 1.36726338018458 0, 103.8601611709 1.36623475976203 0, 103.857335474222 1.35831522766172 0, 103.857202836358 1.35789438486692 0, 103.857150224414 1.35770931718324 0, 103.856999272779 1.35717832931359 0, 103.856849520922 1.35638109927914 0, 103.856763684752 1.35546514998966 0, 103.856756259208 1.35501791839164 0, 103.856777819391 1.35445907800399 0, 103.856881145187 1.35351261993281 0, 103.857094957898 1.35261461479771 0, 103.859004907045 1.34716420654895 0, 103.85953672812 1.34565202856661 0, 103.860298829026 1.34348506458805 0, 103.860805111341 1.3420415622201 0, 103.861194312754 1.34093187374117 0, 103.861600516823 1.33978400635234 0, 103.861807345333 1.3390015569045 0, 103.861938548737 1.3383319178377 0, 103.862005107657 1.33755664885463 0, 103.862033620336 1.33605396925956 0, 103.862223682287 1.33180781409081 0, 103.862243721366 1.32983367757292 0, 103.862245896705 1.3295964772164 0, 103.862210821398 1.32919307862115 0, 103.862105603637 1.32875942623768 0, 103.861924793643 1.32813181839074 0, 103.861617534099 1.32745762002977 0, 103.861264244049 1.32690569403557 0, 103.860575767587 1.32613004912378 0, 103.858280235097 1.32402021724334 0, 103.856286833051 1.32180018621222 0, 103.855875056388 1.32134549268192 0, 103.855526730601 1.32103118483217 0, 103.855159079825 1.32072714344862 0, 103.854428270919 1.32018018195349 0, 103.853954567743 1.31985735220835 0, 103.853074475155 1.31934938864761 0, 103.852478318969 1.3190778641913 0, 103.849973021663 1.31796399539428 0, 103.848285612085 1.31717918134205 0, 103.847564897872 1.31672936365434 0, 103.847061699146 1.31634296403313 0, 103.846734367271 1.31606222480765 0, 103.846343473285 1.31568258726522 0, 103.84574885636 1.31491732687774 0, 103.84535506797 1.31424510098716 0, 103.845096945952 1.31366113857409 0, 103.844836710073 1.31294744502532 0, 103.844671764169 1.31213773913303 0, 103.844556541672 1.31159495624173 0, 103.844376431333 1.31103381412323 0, 103.843987919717 1.3102468376464 0, 103.843616426291 1.30976335588341 0, 103.843033420565 1.30915896766151 0, 103.842221731825 1.30851998907752 0, 103.841632953332 1.30812276065495 0, 103.841067048402 1.30770827674091 0, 103.840595956392 1.30722048009391 0, 103.840092010234 1.30611911808385 0, 103.840033914161 1.30592823216321 0, 103.839973376209 1.30553314701601 0, 103.839967891075 1.30503652597577 0, 103.839995046297 1.30478587035759 0, 103.840072758929 1.30445687038772 0, 103.840181600795 1.30413177356799 0, 103.840326371833 1.3037794552631 0, 103.840580097673 1.3033654453931 0, 103.841025784069 1.30286971832179 0, 103.841787717586 1.30225192077392 0, 103.84249978607 1.30166900904794 0, 103.842699091728 1.30146841387237 0, 103.842971388685 1.30121204893834 0, 103.843153512067 1.30095490024514 0, 103.843360799628 1.30058582906103 0, 103.843528242366 1.30007235900015 0, 103.843599502214 1.29914167961626 0, 103.843653059038 1.29824728883863 0, 103.843734965656 1.2968794720031 0, 103.84383060715 1.29634199584133 0, 103.844093609115 1.29421616041716 0, 103.844061714433 1.29357439975583 0, 103.843942142821 1.29318132260813 0, 103.843679064306 1.2923871502907 0, 103.843084590629 1.29124089282134 0, 103.841462760434 1.28876377988962 0, 103.840969167919 1.28797415060785 0, 103.840765901115 1.28772990034519 0, 103.840587870072 1.28755984861036 0, 103.840173711217 1.28725520178937 0, 103.838253370563 1.28605139709027 0, 103.837800603693 1.28570744444278 0, 103.837631650037 1.2855376041015 0, 103.837355651261 1.28518206524828 0, 103.836738529221 1.28419366494003 0, 103.836488281078 1.28385821099379 0, 103.83623717136 1.28357467209101 0, 103.835981325608 1.2833991622705 0, 103.835733249596 1.28326421770516 0, 103.835466007779 1.28313768643843 0, 103.834919220558 1.28293129267547 0, 103.833694654686 1.28253002461794 0, 103.832568000289 1.28205410067575 0, 103.831752695266 1.28164253105422 0, 103.831051201214 1.28118938942768 0, 103.830225214292 1.28052433937826 0, 103.829695411777 1.27998862001614 0, 103.829432030981 1.27968646135056 0, 103.829154052677 1.27933730730886 0, 103.828443346245 1.27833516929531 0, 103.828233304583 1.2781098581125 0, 103.828002093383 1.27790269566396 0, 103.827761993786 1.27774356942399 0, 103.827360996831 1.27755584586575 0, 103.826914799657 1.27747626157117 0, 103.826493713735 1.27746916844797 0, 103.82597576424 1.27759493342495 0, 103.825510936843 1.27780963913541 0, 103.824714634577 1.27826061171844 0, 103.824528819383 1.27836584570239 0, 103.824030024256 1.27859713888446 0, 103.823825135649 1.27873110622982 0)"
kml_269,CENTRAL EXPRESSWAY,"LINESTRING Z (103.825083394937 1.27778533659887 0, 103.825702753738 1.27755116588163 0, 103.825962239851 1.27745698426874 0, 103.826231824551 1.27738213798017 0, 103.826525268911 1.27733624587523 0, 103.826802076793 1.27731236684146 0, 103.827102611266 1.27736012801024 0, 103.827390308277 1.27744031783255 0, 103.827848170064 1.27761633269598 0, 103.82809985176 1.27779480603127 0, 103.828271453208 1.27794449234315 0, 103.828534575838 1.27823235131247 0, 103.829232421553 1.27920531175445 0, 103.82959850493 1.27966012830142 0, 103.829827307381 1.27990768586906 0, 103.829913107735 1.28001131535586 0, 103.830310660954 1.2803752639642 0, 103.83084612813 1.28083965413136 0, 103.831813555166 1.28149720235948 0, 103.832238889062 1.28171861462721 0, 103.832939284577 1.28201786828374 0, 103.833797170754 1.28236371189103 0, 103.834575902139 1.28264521420518 0, 103.835010352995 1.28279943440223 0, 103.835557139297 1.28300582905021 0, 103.83587641374 1.2831666700524 0, 103.836138411731 1.28331572629878 0, 103.83631497484 1.28345904804162 0, 103.836535441577 1.28366741887689 0, 103.836829661609 1.28406181655097 0, 103.83752811516 1.2851616760623 0, 103.837847453333 1.2855738063582 0, 103.838207299361 1.28586379120255 0, 103.838625688065 1.28615859704268 0, 103.840161678436 1.28709553800957 0, 103.840968796091 1.28772845637539 0, 103.841409530182 1.28826256928902 0, 103.841842308054 1.28885015000929 0, 103.843299325684 1.29116672592618 0, 103.844125472229 1.29312516620031 0, 103.844205189073 1.29353428875228 0, 103.844262314377 1.29426949098952 0, 103.843894384615 1.29692760163395 0, 103.843766886395 1.29884486368749 0, 103.843695343801 1.30005161309175 0, 103.843600266622 1.30041397255653 0, 103.843419560056 1.30082833333777 0, 103.843210695418 1.30116686142059 0, 103.843088527989 1.30132380988482 0, 103.842706912617 1.30169792986736 0, 103.841901563603 1.30233029806477 0, 103.841141460431 1.30294864368621 0, 103.840842727171 1.30327090865626 0, 103.840560600067 1.3036624551186 0, 103.840331163771 1.30410160716288 0, 103.840222321926 1.30442670398909 0, 103.840144610213 1.30475570305919 0, 103.840117454108 1.30500635958337 0, 103.840122939271 1.30550297971888 0, 103.840182520293 1.30589814716225 0, 103.840240495972 1.30608906925435 0, 103.84046702487 1.30664352379333 0, 103.840747046807 1.3070982086319 0, 103.841210022193 1.30757020964191 0, 103.841787363812 1.30797894262993 0, 103.842526436802 1.30856213589068 0, 103.84323925984 1.30911874432624 0, 103.843769118032 1.30966744465688 0, 103.844216622709 1.31022388478509 0, 103.844553686973 1.31098778116666 0, 103.844735883043 1.31158480664527 0, 103.844894574351 1.31224762022615 0, 103.845013591862 1.31286251892941 0, 103.845085002437 1.3130861191448 0, 103.845244798055 1.31351742437282 0, 103.845480690832 1.31409492157677 0, 103.845895094934 1.31482000203286 0, 103.846462509782 1.31553224776874 0, 103.846977133279 1.31607543534653 0, 103.84758741006 1.31655226179467 0, 103.848350254652 1.31701292526716 0, 103.850287642671 1.31789530495645 0, 103.851352991986 1.31837977460381 0, 103.852964302755 1.31911252015488 0, 103.853730504764 1.31952088702606 0, 103.854708332243 1.32014436761306 0, 103.855257961361 1.32056133003898 0, 103.855766338213 1.32098867481861 0, 103.856450004998 1.32162380104061 0, 103.857589232066 1.32299113596431 0, 103.858854484214 1.32425952520998 0, 103.860259295085 1.32555708161772 0, 103.861156714053 1.32642511686302 0, 103.861644835977 1.32707945156308 0, 103.861924679076 1.3276233846775 0, 103.862130572 1.32815666882701 0, 103.862287012997 1.32868693024827 0, 103.862377606863 1.32912608856763 0, 103.862433764996 1.32960568323425 0, 103.862433572649 1.32967764803922 0, 103.862429157748 1.32995919122051 0, 103.862385554082 1.33177166292017 0, 103.86230161636 1.33500126962224 0, 103.862244756792 1.33579160793568 0, 103.862173457559 1.33783027588812 0, 103.862116406209 1.33844044218592 0, 103.861927039894 1.3393312017539 0, 103.861666323699 1.3401746738252 0, 103.861472862895 1.34071839712833 0, 103.86048399643 1.34349722532113 0, 103.860041583858 1.34473820536268 0, 103.859577076785 1.34604115712773 0, 103.859145535598 1.34725164080948 0, 103.857417235313 1.35218721263211 0, 103.857147880587 1.353072339293 0, 103.857052019955 1.35353291581027 0, 103.856954666993 1.35448030080234 0, 103.856937883563 1.35503321574889 0, 103.856924117291 1.35547079256007 0, 103.85700995442 1.35638674274709 0, 103.857159705431 1.35718397186621 0, 103.857331210209 1.35773647072912 0, 103.857535269587 1.35832639998177 0, 103.860397439319 1.36627974831082 0, 103.860690850162 1.3671734060235 0, 103.860844440975 1.36766150860827 0, 103.86093384292 1.36810495622858 0, 103.861001555261 1.36863032140348 0, 103.860995574068 1.36938708799881 0, 103.860910274704 1.3700244640635 0, 103.860792110077 1.37050389329852 0, 103.860704462171 1.37086084142252 0, 103.860557639939 1.37123358313223 0, 103.860104398242 1.37229397245202 0, 103.859955161092 1.37264140009343 0, 103.859185144275 1.37443402839302 0, 103.858832872909 1.37547887757744 0, 103.858585541221 1.37653851917892 0, 103.858440914421 1.37742472161176 0, 103.858355984746 1.37835864760051 0, 103.858334325157 1.37918416587958 0, 103.85835187438 1.37944965806247 0, 103.858378399984 1.3798509530839 0, 103.858457335895 1.38342230058649 0, 103.858329887051 1.38844975590421 0, 103.858299744882 1.38902121121104 0, 103.858191170624 1.39107967697165 0)"
